Category_Names,Product_Names
Any Department/Electronics/Headphones Earbuds &amp; Accessories/Headphones &amp; Earbuds/Earbud &amp; In-Ear Headphones,Sennheiser IE 600 in-Ear Audiophile Headphones - TrueResponse Transducers for exquisitely Neutral Sound Detachable Cable with Flexible Ear Hooks Includes Balanced Cable 2-Year Warranty
Any Department/Electronics/Headphones Earbuds &amp; Accessories/Headphones &amp; Earbuds/Earbud &amp; In-Ear Headphones,occiam Wireless Earbuds Bluetooth 5.3 Headphones 96Hrs Playback Sports Ear Buds with Microphone Earhook Waterproof in Ear Earphones LED Power Display Headset for Workout Running Black
Any Department/Electronics/Headphones Earbuds &amp; Accessories/Headphones &amp; Earbuds/Earbud &amp; In-Ear Headphones,Ear buds Wireless Bluetooth Earbuds 2023 Bluetooth 5.3 Headphones Deep Bass Earphones 100H Playtime in-Ear Earbud with LED Power Display Bluetooth Earbud IP7 Waterproof Earphones Sport Headset for iOS
Any Department/Electronics/Headphones Earbuds &amp; Accessories/Headphones &amp; Earbuds/Earbud &amp; In-Ear Headphones,Raycon The Everyday Bluetooth Wireless Earbuds with Microphone- Stereo Sound in-Ear Bluetooth Headset True Wireless Earbuds 32 Hours Playtime (Matte Black)
Any Department/Electronics/Headphones Earbuds &amp; Accessories/Headphones &amp; Earbuds/Earbud &amp; In-Ear Headphones,Wireless Earbuds Bluetooth Headphones Sport Bluetooth 5.3 Earbud 3D HiFi Stereo Over Ear Buds 48Hrs Earhooks Earphone with Noise Cancelling Mic IP7 Waterproof Headset for Workout/Running/Gym Black
Any Department/Electronics/Headphones Earbuds &amp; Accessories/Headphones &amp; Earbuds/Earbud &amp; In-Ear Headphones,Sony WF-1000XM5 The Best Truly Wireless Bluetooth Noise Canceling Earbuds Headphones with Alexa Built in Black- New Model
Any Department/Electronics/Headphones Earbuds &amp; Accessories/Headphones &amp; Earbuds/Earbud &amp; In-Ear Headphones,Wireless Earbuds Bluetooth Headphones 36H Play Time 5.0 Bluetooth with Wireless Charging Case IPX6 Waterproof Sweat-Proof Earphones True Wireless Earbuds in-Ear Earbuds for Working Sports TV
Any Department/Electronics/Headphones Earbuds &amp; Accessories/Headphones &amp; Earbuds/Earbud &amp; In-Ear Headphones,Sony WF-1000XM5 - The Best True Wireless Noise-Canceling Earbuds Alexa Built-in Bluetooth in-Ear Headphones Up to 24 Hrs Battery Quick Charge IPX4 Rating Works with iOS &amp; Android - Black/Copper
Any Department/Electronics/Headphones Earbuds &amp; Accessories/Headphones &amp; Earbuds/Earbud &amp; In-Ear Headphones,TOZO T10 Bluetooth 5.3 Wireless Earbuds with Wireless Charging Case IPX8 Waterproof Stereo Headphones in Ear Built in Mic Headset Premium Sound with Deep Bass for Sport Black
Any Department/Electronics/Headphones Earbuds &amp; Accessories/Headphones &amp; Earbuds/Earbud &amp; In-Ear Headphones,JBL Live Pro TWS 2: 40 Hours of Playtime True Adaptive Noise Cancelling Smart Ambient and Beamforming mics (Black) Small
Any Department/Electronics/Headphones Earbuds &amp; Accessories/Headphones &amp; Earbuds/Earbud &amp; In-Ear Headphones,Wireless Headphones Bluetooth 5.3 Ear Clip Earphones 30H Playtime Open Ear Clip Headsets with Mic Mini Wireless Earbuds Bluetooth for Running Sport Gym USB-C Compatible with Android Samsung
Any Department/Electronics/Headphones Earbuds &amp; Accessories/Headphones &amp; Earbuds/Earbud &amp; In-Ear Headphones,Logitech Zone Wired Earbuds
Any Department/Electronics/Headphones Earbuds &amp; Accessories/Headphones &amp; Earbuds/Earbud &amp; In-Ear Headphones,SAMSUNG Galaxy Buds Pro R190 Bluetooth Earbuds True Wireless Noise Cancelling (Renewed)
Any Department/Electronics/Headphones Earbuds &amp; Accessories/Headphones &amp; Earbuds/Earbud &amp; In-Ear Headphones,Wireless Earbud Bluetooth 5.3 Headphones 50H Playtime Stereo Bass Ear Buds in-Ear Earphones with 4 ENC Mic LED Display Noise Cancelling Earbud Bluetooth Earbud IP7 Waterproof Sport for Android iOS
Any Department/Electronics/Headphones Earbuds &amp; Accessories/Headphones &amp; Earbuds/Earbud &amp; In-Ear Headphones,Beats Studio Buds - True Wireless Noise Cancelling&nbsp;Earbuds&nbsp;- Compatible with Apple &amp; Android Built-in Microphone IPX4 Rating Sweat Resistant Earphones Class 1 Bluetooth&nbsp;Headphones - Moon Gray
Any Department/Electronics/Headphones Earbuds &amp; Accessories/Headphones &amp; Earbuds/Earbud &amp; In-Ear Headphones,Technics HiFi True Wireless Multipoint Bluetooth Earbuds with Advanced Noise Cancelling Impressive Call Quality Using JustMyVoice Technology Alexa Built in EAH-AZ60-K (Black)
Any Department/Electronics/Headphones Earbuds &amp; Accessories/Headphones &amp; Earbuds/Earbud &amp; In-Ear Headphones,LG Tone Style HBS-SL5 Bluetooth Wireless Stereo Neckband Earbuds Tuned by Meridian Audio Black 2.3
Any Department/Electronics/Headphones Earbuds &amp; Accessories/Headphones &amp; Earbuds/Earbud &amp; In-Ear Headphones,All-new Echo Buds (2023 Release) | Semi-in-ear True Wireless Bluetooth 5.2 Earbuds with Alexa multipoint 20H battery with charging case fast charging sweat resistant | Black
Any Department/Electronics/Headphones Earbuds &amp; Accessories/Headphones &amp; Earbuds/Earbud &amp; In-Ear Headphones,SAMSUNG Galaxy Buds 2 Pro True Wireless Bluetooth Earbuds Noise Cancelling Hi-Fi Sound 360 Audio Comfort In Ear Fit HD Voice Conversation Mode IPX7 Water Resistant US Version Bora Purple
Any Department/Electronics/Headphones Earbuds &amp; Accessories/Headphones &amp; Earbuds/Earbud &amp; In-Ear Headphones,Google Pixel Buds Pro - Noise Canceling Earbuds - Up to 31 Hour Battery Life with Charging Case - Bluetooth Headphones - Compatible with Android - Charcoal
Any Department/Electronics/Headphones Earbuds &amp; Accessories/Headphones &amp; Earbuds/Earbud &amp; In-Ear Headphones,JOYWISE Bluetooth Headphones Wireless Earbuds IPX8 Waterproof Bluetooth 5.3 Headphones with 16Hrs Playtime Stereo Bass Headsets with Mic Running Headphones with Earhooks for Sports Running Workout
Any Department/Electronics/Headphones Earbuds &amp; Accessories/Headphones &amp; Earbuds/Earbud &amp; In-Ear Headphones,2 Pack USB C Earbuds for iPhone 15 Type C Headphones Earphones Wired with Microphone &amp; Remote Control for iPhone15/15 Pro Max Samsung Galaxy S23/S22/S21/S20 Note 20 Google Pixel 7/6/6a/5/4 and More
Any Department/Electronics/Headphones Earbuds &amp; Accessories/Headphones &amp; Earbuds/Earbud &amp; In-Ear Headphones,NIUTA Wireless Earbuds Bluetooth 5.1 Headphones Touch Control with Wireless Charging Case IPX7 Waterproof Stereo Earphones in-Ear Built-in Mic Headset Premium Deep Bass Black
Any Department/Electronics/Headphones Earbuds &amp; Accessories/Headphones &amp; Earbuds/Earbud &amp; In-Ear Headphones,Panasonic ErgoFit Wired Earbuds In-Ear Headphones with Dynamic Crystal-Clear Sound and Ergonomic Custom-Fit Earpieces (S/M/L) 3.5mm Jack for Phones and Laptops No Mic - RP-HJE120-K (Black)
Any Department/Electronics/Headphones Earbuds &amp; Accessories/Headphones &amp; Earbuds/Earbud &amp; In-Ear Headphones,Baseus Wireless Earbuds 140H Playback -48dB Active Noise Cancelling Bluetooth 5.3 Earbuds with IPX6 Waterproof 4 ENC Mics 0.038s Low Latency Fast Charge Ear Buds for Android iOS - Bowie MA10
Any Department/Electronics/Headphones Earbuds &amp; Accessories/Headphones &amp; Earbuds/Over-Ear Headphones,Bose QuietComfort 45 Wireless Bluetooth Noise Cancelling Headphones Over-Ear Headphones with Microphone Personalized Noise Cancellation and Sound Triple Black
Any Department/Electronics/Headphones Earbuds &amp; Accessories/Headphones &amp; Earbuds/Over-Ear Headphones,Beats Studio Pro - Wireless Bluetooth Noise Cancelling Headphones - Personalized Spatial Audio USB-C Lossless Audio Apple &amp; Android Compatibility Up to 40 Hours Battery Life - Deep Brown
Any Department/Electronics/Headphones Earbuds &amp; Accessories/Headphones &amp; Earbuds/Over-Ear Headphones,JBL Tune 710BT Wireless Over-Ear - Bluetooth Headphones with Microphone 50H Battery Hands-Free Calls Portable (Black) Medium
Any Department/Electronics/Headphones Earbuds &amp; Accessories/Headphones &amp; Earbuds/Over-Ear Headphones,PHILIPS H8506 Over-Ear Wireless Headphones with Noise Canceling Pro (ANC) and Multipoint Bluetooth Connection Black (TAH8506BK/00)
Any Department/Electronics/Headphones Earbuds &amp; Accessories/Headphones &amp; Earbuds/Over-Ear Headphones,Sony WH-CH720N Noise Canceling Wireless Headphones Bluetooth Over The Ear Headset with Microphone and Alexa Built-in Black New
Any Department/Electronics/Headphones Earbuds &amp; Accessories/Headphones &amp; Earbuds/Over-Ear Headphones,NEW Bose QuietComfort Wireless Noise Cancelling Headphones Bluetooth Over Ear Headphones with Up To 24 Hours of Battery Life White Smoke
Any Department/Electronics/Headphones Earbuds &amp; Accessories/Headphones &amp; Earbuds/Over-Ear Headphones,Soundcore Anker Life Q20 Hybrid Active Noise Cancelling Headphones Wireless Over Ear Bluetooth Headphones 40H Playtime Hi-Res Audio Deep Bass Memory Foam Ear Cups for Travel Home Office
Any Department/Electronics/Headphones Earbuds &amp; Accessories/Headphones &amp; Earbuds/Over-Ear Headphones,Sony WH-XB910N EXTRA BASS Noise Cancelling Headphones Wireless Bluetooth Over the Ear Headset with Microphone and Alexa Voice Control Black
Any Department/Electronics/Headphones Earbuds &amp; Accessories/Headphones &amp; Earbuds/Over-Ear Headphones,JBL Live 660NC - Wireless Over-Ear Noise Cancelling Headphones with Long Lasting Battery and Voice Assistant - Black Medium
Any Department/Electronics/Headphones Earbuds &amp; Accessories/Headphones &amp; Earbuds/Over-Ear Headphones,JBL Tune 760NC - Lightweight Foldable Over-Ear Wireless Headphones with Active Noise Cancellation - Black Medium
Any Department/Electronics/Headphones Earbuds &amp; Accessories/Headphones &amp; Earbuds/Over-Ear Headphones,HIFIMAN SUNDARA Closed-Back Over-Ear Planar Magnetic Wired Hi-Fi Headphones with Stealth Magnet Design Detachable Cable Wood Ear Cups for Home Studio Recording
Any Department/Electronics/Headphones Earbuds &amp; Accessories/Headphones &amp; Earbuds/Over-Ear Headphones,Bluetooth Wireless Headphones Over Ear BERIBES 65H Playtime and 6 EQ Music Modes with Microphone HiFi Stereo Foldable Lightweight Headset Deep Bass for Home Office Cellphone PC Etc.(Green)
Any Department/Electronics/Headphones Earbuds &amp; Accessories/Headphones &amp; Earbuds/Over-Ear Headphones,phonicgrid Hybrid Active Noise Cancelling Headphones Bluetooth Headphones Over Ear Wireless Headphones with Hi-Fi Audio Comfortable Over Ear Headphones ENC HD Calls 30Hrs for Travel/Office Black
Any Department/Electronics/Headphones Earbuds &amp; Accessories/Headphones &amp; Earbuds/Over-Ear Headphones,Skullcandy Hesh Evo Over-Ear Wireless Headphones 36 Hr Battery Microphone Works with iPhone Android and Bluetooth Devices - True Black
Any Department/Electronics/Headphones Earbuds &amp; Accessories/Headphones &amp; Earbuds/Over-Ear Headphones,JBL Quantum 100 - Wired Over-Ear Gaming Headphones - Black Large
Any Department/Electronics/Headphones Earbuds &amp; Accessories/Headphones &amp; Earbuds/Over-Ear Headphones,Panasonic Lightweight Over The Ear Wired Headphones with Microphone Sound and XBS for Extra Bass Long Cord 3.5mm Jack for Phones and Laptops – RP-HT161M (Black)
Any Department/Electronics/Headphones Earbuds &amp; Accessories/Headphones &amp; Earbuds/Over-Ear Headphones,Bowers &amp; Wilkins Px7 S2e Over Ear Headphones Enhanced Noise Cancellation &amp; 6 Mics (Forest Green)
Any Department/Electronics/Headphones Earbuds &amp; Accessories/Headphones &amp; Earbuds/Over-Ear Headphones,NEW Bose QuietComfort Ultra Wireless Noise Cancelling Headphones with Spatial Audio Over-the-Ear Headphones with Mic Up to 24 Hours of Battery Life Black
Any Department/Electronics/Headphones Earbuds &amp; Accessories/Headphones &amp; Earbuds/Over-Ear Headphones,TOZO HT2 Hybrid Active Noise Cancelling Headphones Wireless Over Ear Bluetooth Headphones 60H Playtime Hi-Res Audio Custom EQ via App Deep Bass Comfort Fit Ear Cups for Home Office Travel
Any Department/Electronics/Headphones Earbuds &amp; Accessories/Headphones &amp; Earbuds/Over-Ear Headphones,Sennheiser Consumer Audio HD 569 Closed Back Headphone Black
Any Department/Electronics/Headphones Earbuds &amp; Accessories/Headphones &amp; Earbuds/Over-Ear Headphones,TuneFlux Wireless Bluetooth Headphones Over Ear 80H Playtime 3EQ Sound Modes HiFi Stereo Headphones with Deep Bass Microphone Foldable Bluetooth 5.3 Headphones for Smartphone/PC/Computer
Any Department/Electronics/Headphones Earbuds &amp; Accessories/Headphones &amp; Earbuds/Over-Ear Headphones,Edifier W820NB Plus Hybrid Active Noise Cancelling Headphones - LDAC Codec - Hi-Res Audio Wireless &amp; Wired - Fast Charge - 49H Playtime - Over Ear Bluetooth V5.2 Headphones- Black
Any Department/Electronics/Headphones Earbuds &amp; Accessories/Headphones &amp; Earbuds/Over-Ear Headphones,Audio-Technica ATH-M20X Professional Studio Monitor Headphones Black
Any Department/Electronics/Headphones Earbuds &amp; Accessories/Headphones &amp; Earbuds/Over-Ear Headphones,Sennheiser Consumer Audio HD 600 - Audiophile Hi-Res Open Back Dynamic Headphone Black
Any Department/Electronics/Headphones Earbuds &amp; Accessories/Headphones &amp; Earbuds/Over-Ear Headphones,Sony WH-1000XM5 The Best Wireless Noise Canceling Headphones with Auto Noise Canceling Optimizer Crystal Clear Hands-Free Calling and Alexa Voice Control Black
Any Department/Electronics/Headphones Earbuds &amp; Accessories/Headphones &amp; Earbuds/Over-Ear Headphones,Soundcore Anker Space Q45 Adaptive Active Noise Cancelling Headphones Black
Any Department/Electronics/Headphones Earbuds &amp; Accessories/Headphones &amp; Earbuds/On-Ear Headphones,SAMSUNG Galaxy Buds FE + $10 Gift Card Comfort and Secure Fit Wing-Tip Design ANC Support Ecosystem Connectivity True Wireless Bluetooth Earbuds US Version SM-R400NZAAXAR Graphite
Any Department/Electronics/Headphones Earbuds &amp; Accessories/Headphones &amp; Earbuds/On-Ear Headphones,JBL Tune 510BT: Wireless On-Ear Headphones with Purebass Sound - Black
Any Department/Electronics/Headphones Earbuds &amp; Accessories/Headphones &amp; Earbuds/On-Ear Headphones,Beats Solo3 Wireless On-Ear Headphones - Apple W1 Headphone Chip Class 1 Bluetooth 40 Hours of Listening Time Built-in Microphone - Black (Latest Model)
Any Department/Electronics/Headphones Earbuds &amp; Accessories/Headphones &amp; Earbuds/On-Ear Headphones,Sony WH-CH520 Wireless Headphones Bluetooth On-Ear Headset with Microphone Black New
Any Department/Electronics/Headphones Earbuds &amp; Accessories/Headphones &amp; Earbuds/On-Ear Headphones,Perytong Sleep Headphones Wireless Bluetooth Sports Headband Headphones with Ultra-Thin HD Stereo Speakers Perfect for Sleeping Workout Jogging Yoga Insomnia Air Travel Meditation Grey
Any Department/Electronics/Headphones Earbuds &amp; Accessories/Headphones &amp; Earbuds/On-Ear Headphones,Sony ZX Series Wired On-Ear Headphones Black MDR-ZX110 7.87 x 1.81 x 5.87 inches
Any Department/Electronics/Headphones Earbuds &amp; Accessories/Headphones &amp; Earbuds/On-Ear Headphones,Google Pixel Buds Pro - Noise Canceling Earbuds - Up to 31 Hour Battery Life with Charging Case - Bluetooth Headphones - Compatible with Android - Charcoal
Any Department/Electronics/Headphones Earbuds &amp; Accessories/Headphones &amp; Earbuds/On-Ear Headphones,Beats Solo3 Wireless On-Ear Headphones - Apple W1 Headphone Chip Class 1 Bluetooth 40 Hours of Listening Time Built-in Microphone - Satin Silver (Latest Model)
Any Department/Electronics/Headphones Earbuds &amp; Accessories/Headphones &amp; Earbuds/On-Ear Headphones,Jabra Evolve 65 SE Mono Wireless Headset - Bluetooth Headset with Noise-Cancelling Microphone Long-Lasting Battery and Dual Connectivity - MS Teams Certified Works with All Other Platforms &nbsp;- Black
Any Department/Electronics/Headphones Earbuds &amp; Accessories/Headphones &amp; Earbuds/On-Ear Headphones,JBL Tune 660NC: Wireless On-Ear Headphones with Active Noise Cancellation - Black Medium
Any Department/Electronics/Headphones Earbuds &amp; Accessories/Headphones &amp; Earbuds/On-Ear Headphones,JBL Live 460NC - Wireless On-Ear Noise Cancelling Headphones with Long Battery Life and Voice Assistant Control - Black Medium
Any Department/Electronics/Headphones Earbuds &amp; Accessories/Headphones &amp; Earbuds/On-Ear Headphones,nwm NTT Sonority Wireless On-Ear Speakers (Earbuds) with PSZ Technology MBE001 Dark Brown
Any Department/Electronics/Headphones Earbuds &amp; Accessories/Headphones &amp; Earbuds/On-Ear Headphones,Koss SportaPro Stereo Headphones Standard Packaging
Any Department/Electronics/Headphones Earbuds &amp; Accessories/Headphones &amp; Earbuds/On-Ear Headphones,Panasonic Headphones On-Ear Lightweight Earphones with XBS for Extra Bass and Clear Natural Sound 3.5mm Jack for Phones and Laptops Work from Home - RP-HT21 (Black &amp; Silver) 36 x 6.7 x 0.5 inches
Any Department/Electronics/Headphones Earbuds &amp; Accessories/Headphones &amp; Earbuds/On-Ear Headphones,RORSOU R10 On-Ear Headphones with Microphone Lightweight Folding Stereo Bass Headphones with 1.5M No-Tangle Cord Portable Wired Headphones for Smartphone Tablet Computer MP3 / 4 (Black)
Any Department/Electronics/Headphones Earbuds &amp; Accessories/Headphones &amp; Earbuds/On-Ear Headphones,beats by Dr. Dre EP On-Ear Headphones - Black (Renewed)
Any Department/Electronics/Headphones Earbuds &amp; Accessories/Headphones &amp; Earbuds/On-Ear Headphones,Artix CL750 On-Ear Headphones Wired with Mic — Noise Isolating Plug in Headphones Computer Headphones with Microphone Headphones for Laptop Headphones Corded Headphones with Cord (Aux Jack 3.5mm)
Any Department/Electronics/Headphones Earbuds &amp; Accessories/Headphones &amp; Earbuds/On-Ear Headphones,ELECDER i36 Kids Headphones Children Girls Boys Teens Foldable Adjustable On Ear Headphones 3.5mm Jack Compatible Cellphones Computer Kindle MP3/4 School Tablet Black/Blue
Any Department/Electronics/Headphones Earbuds &amp; Accessories/Headphones &amp; Earbuds/On-Ear Headphones,JBL TUNE 500 - Wired On-Ear Headphones - Black
Any Department/Electronics/Headphones Earbuds &amp; Accessories/Headphones &amp; Earbuds/On-Ear Headphones,JLab Studio ANC On-Ear Wireless Headphones Black 34+ Hour Bluetooth 5 Playtime 28+ Hour with Active Noise Cancellation EQ3 Custom Sound Ultra-Plush Faux Leather &amp; Cloud Foam Cushions
Any Department/Electronics/Headphones Earbuds &amp; Accessories/Headphones &amp; Earbuds/On-Ear Headphones,Sony WH-CH520L Wireless Bluetooth Headphones - Up to 50 Hours Battery Life with Quick Charge Function On-Ear Model - Matte Blue
Any Department/Electronics/Headphones Earbuds &amp; Accessories/Headphones &amp; Earbuds/On-Ear Headphones,ELECDER i39 Headphones with Microphone Foldable Lightweight Adjustable On Ear Headsets with 3.5mm Jack for Cellphones Computer MP3/4 Kindle School (Mint/Gray)
Any Department/Electronics/Headphones Earbuds &amp; Accessories/Headphones &amp; Earbuds/On-Ear Headphones,PHILIPS H4205 On-Ear Wireless Headphones with 32mm Drivers and BASS Boost on-Demand Blue
Any Department/Electronics/Headphones Earbuds &amp; Accessories/Headphones &amp; Earbuds/On-Ear Headphones,Koss KPH7 Lightweight Portable Headphone Black
Any Department/Electronics/Headphones Earbuds &amp; Accessories/Headphones &amp; Earbuds/On-Ear Headphones,Bulktech Wired On-Ear Leather Headphones with 3.5mm Connector Bulk Wholesale 10 Pack Assorted Colors
Any Department/Electronics/Headphones Earbuds &amp; Accessories/Headphones &amp; Earbuds/On-Ear Headphones,awatrue Kids Headphones Wired - Toddler Headphones with Microphone Over-Ear Headphones 85/94dB Volume-Limiting 3.5mm Jack Foldable On-Ear Design - Safe &amp; Comfortable for Learning &amp; Entertainment
Any Department/Electronics/Headphones Earbuds &amp; Accessories/Headphones &amp; Earbuds/On-Ear Headphones,Sony MDRZX110NC Noise Cancelling Headphones Black medium
Any Department/Electronics/Headphones Earbuds &amp; Accessories/Headphones &amp; Earbuds/On-Ear Headphones,Marshall Major IV On-Ear Bluetooth Headphone Black
Any Department/Electronics/Headphones Earbuds &amp; Accessories/Headphones &amp; Earbuds/On-Ear Headphones,Beats Studio Pro - Wireless Bluetooth Noise Cancelling Headphones - Personalized Spatial Audio USB-C Lossless Audio Apple &amp; Android Compatibility Up to 40 Hours Battery Life - Black
Any Department/Electronics/Headphones Earbuds &amp; Accessories/Headphones &amp; Earbuds/On-Ear Headphones,JVC HA-S23W Wireless Headphones - On Ear Bluetooth Headphones Foldable Flat Design 17-Hour Long Battery Life (Blue)
Any Department/Electronics/Headphones Earbuds &amp; Accessories/Headphones &amp; Earbuds/On-Ear Headphones,Skullcandy Crusher ANC 2 Over-Ear Noise Cancelling Wireless Headphones with Sensory Bass 50 Hr Battery Skull-iQ Alexa Enabled Microphone Works with Bluetooth Devices - Black
Any Department/Video Games/Legacy Systems/Xbox Legacy Systems/Xbox 360 Games Consoles &amp; Accessories/Xbox 360 Accessories/Xbox 360 Headsets,EKSA StarEngine S Gaming Headset Gaming Headphones for PC PS4/PS5 Switch Xbox One/Series X/S &amp; Mobile with Detachable Microphone 3.5mm Wired Headphone Jack
Any Department/Video Games/Legacy Systems/Xbox Legacy Systems/Xbox 360 Games Consoles &amp; Accessories/Xbox 360 Accessories/Xbox 360 Headsets,Original Logitech Braided USB Cable for G633 and G933 Gaming Headset
Any Department/Video Games/Legacy Systems/Xbox Legacy Systems/Xbox 360 Games Consoles &amp; Accessories/Xbox 360 Accessories/Xbox 360 Headsets,Stealth 600 Earpads Replacement Cushions Compatible with Turtle Beach Stealth 600 700 Xbox PS4 Headset Ear Pads Parts (Black2)
Any Department/Video Games/Legacy Systems/Xbox Legacy Systems/Xbox 360 Games Consoles &amp; Accessories/Xbox 360 Accessories/Xbox 360 Headsets,AC Adapter for Turtle Beach Earforce X41 PX5 MW3 Ear Force Gaming Headset Power Guy-Tech Compatible Replacement 5 Feet with LED Indicator
Any Department/Video Games/Legacy Systems/Xbox Legacy Systems/Xbox 360 Games Consoles &amp; Accessories/Xbox 360 Accessories/Xbox 360 Headsets,Upgraded Ear Pads&nbsp;for Turtle Beach - Ear Force XO7 Pro Premium Gaming Headset-Xbox Ones Replacement Earpads Cushion (earcups)
Any Department/Video Games/Legacy Systems/Xbox Legacy Systems/Xbox 360 Games Consoles &amp; Accessories/Xbox 360 Accessories/Xbox 360 Headsets,RIG 800 PRO HX Wireless Headset &amp; Multi-Function Base Station Officially Licensed for Xbox Series X|S Xbox One Windows 10/11 PCs - Dolby Atmos for Headphones 3D Surround Sound - 24 Hour Battery
Any Department/Musical Instruments/Music Recording Equipment/Recording Headphone &amp; In-Ear Audio Monitors,Xvive U4 Wireless in-Ear Monitor System Professional IEM System Transmitter and Beltpack Receiver for Studio Band Rehearsal Live Performance
Any Department/Musical Instruments/Music Recording Equipment/Recording Headphone &amp; In-Ear Audio Monitors,YINYOO Easy KZ ZST Colorful Hybrid Banlance Armature with Dynamic in-Ear Earphone 1BA+1DD HiFi Headset KZ in Ear Monitors Headphones Wired Earbuds inears IEM Earphones (Colorful ZST Nomic)
Electronics/Televisions &amp; Video Products/Televisions/LED &amp; LCD TVs,INSIGNIA 32-inch Class F20 Series Smart HD 720p Fire TV with Alexa Voice Remote (NS-32F201NA23 2022 Model)
Electronics/Televisions &amp; Video Products/Televisions/LED &amp; LCD TVs,Toshiba 50-inch Class C350 Series LED 4K UHD Smart Fire TV with Alexa Voice Remote (50C350LU 2023 Model)
Electronics/Televisions &amp; Video Products/Televisions/LED &amp; LCD TVs,INSIGNIA 42-inch Class F20 Series Smart Full HD 1080p Fire TV with Alexa Voice Remote (NS-42F201NA23 2022 Model)
Electronics/Televisions &amp; Video Products/Televisions/LED &amp; LCD TVs,Amazon Fire TV 32 2-Series HD smart TV with Fire TV Alexa Voice Remote stream live TV without cable
Electronics/Televisions &amp; Video Products/Televisions/LED &amp; LCD TVs,Toshiba 75-inch Class C350 Series LED 4K UHD Smart Fire TV with Alexa Voice Remote (75C350KU 2023 Model)
Electronics/Televisions &amp; Video Products/Televisions/LED &amp; LCD TVs,VIZIO 40-inch D-Series Full HD 1080p Smart TV with AMD FreeSync Apple AirPlay and Chromecast Built-in Alexa Compatibility D40f-J09 2022 Model
Electronics/Televisions &amp; Video Products/Televisions/LED &amp; LCD TVs,Amazon Fire TV 55 4-Series 4K UHD smart TV stream live TV without cable
Electronics/Televisions &amp; Video Products/Televisions/LED &amp; LCD TVs,TCL 55-Inch Class S4 4K LED Smart TV with Fire TV (55S450F 2023 Model) Dolby Vision HDR Dolby Atmos Alexa Built-in Apple Airplay Compatibility Streaming UHD Television Black
Electronics/Televisions &amp; Video Products/Televisions/LED &amp; LCD TVs,INSIGNIA 43-inch Class F30 Series LED 4K UHD Smart Fire TV with Alexa Voice Remote (NS-43F301NA22 2021 Model)
Electronics/Televisions &amp; Video Products/Televisions/LED &amp; LCD TVs,Hisense 50-Inch Class R6 Series 4K UHD Smart Roku TV with Alexa Compatibility Dolby Vision HDR DTS Studio Sound Game Mode (50R6G) Black
Electronics/Televisions &amp; Video Products/Televisions/LED &amp; LCD TVs,SAMSUNG 65-Inch Class Crystal UHD 4K CU8000 Series PurColor Object Tracking Sound Lite Q-Symphony Motion Xcelerator Ultra Slim Solar Remote Smart TV with Alexa Built-in (UN65CU8000 2023 Model)
Electronics/Televisions &amp; Video Products/Televisions/LED &amp; LCD TVs,Hisense 40-Inch Class A4 Series FHD 1080p Google Smart TV (40A4K 2023 Model) - DTS Virtual: X Game &amp; Sports Modes Chromecast Built-in Alexa Compatibility Black
Electronics/Televisions &amp; Video Products/Televisions/LED &amp; LCD TVs,LG 65-Inch Class UQ7570 Series 4K Smart TV AI-Powered 4K Cloud Gaming (65UQ7570PUJ 2022) Black
Electronics/Televisions &amp; Video Products/Televisions/LED &amp; LCD TVs,Amazon Fire TV 65 Omni Series 4K UHD smart TV with Dolby Vision hands-free with Alexa
Electronics/Televisions &amp; Video Products/Televisions/LED &amp; LCD TVs,TCL 40-Inch Class S3 1080p LED Smart TV with Roku TV (40S350R 2023 Model) Compatible with Alexa Google Assistant and Apple HomeKit Compatibility Streaming FHD Television Black
Electronics/Televisions &amp; Video Products/Televisions/LED &amp; LCD TVs,TCL 85-Inch Q6 QLED 4K Smart TV with Google TV (85Q650G 2023 Model) Streaming UHD Dolby Vision Dolby Atmos HDR Pro+ Game Accelerator Enhanced Gaming Voice Remote Compatible with Alexa
Electronics/Televisions &amp; Video Products/Televisions/LED &amp; LCD TVs,Hisense 70-Inch Class A6 Series 4K UHD Smart Google TV with Alexa Compatibility Dolby Vision HDR DTS Virtual X Sports &amp; Game Modes Voice Remote Chromecast Built-in (70A6H)
Electronics/Televisions &amp; Video Products/Televisions/LED &amp; LCD TVs,SAMSUNG 32-inch Class LED Smart FHD TV 1080P (UN32N5300AFXZA 2018 Model) Black
Electronics/Televisions &amp; Video Products/Televisions/LED &amp; LCD TVs,TCL 50-Inch Class S4 4K LED Smart TV with Google TV (50S450G 2023 Model) Dolby Vision HDR Pro Dolby Atmos Google Assistant Built-in with Voice Remote Works with Alexa Streaming UHD Television
Electronics/Televisions &amp; Video Products/Televisions/LED &amp; LCD TVs,LG C3 Series 42-Inch Class OLED evo 4K Processor Smart TV for Gaming with Magic Remote AI-Powered OLED42C3PUA 2023 with Alexa Built-in
Electronics/Televisions &amp; Video Products/Televisions/LED &amp; LCD TVs,TCL 65-Inch QM8 QLED 4K Smart Mini LED TV with Google TV (65QM850G 2023 Model) Dolby Vision Dolby Atmos HDR Ultra Game Accelerator up to 240Hz Voice Remote Works with Alexa Streaming Television
Electronics/Televisions &amp; Video Products/Televisions/LED &amp; LCD TVs,LG 75-Inch Class UQ7590 Series 4K Smart TV AI-Powered 4K Cloud Gaming (75UQ7590PUB 2022) Grey
Electronics/Televisions &amp; Video Products/Televisions/LED &amp; LCD TVs,TCL 98-Inch Class S5 4K LED Smart TV with Google TV (98S550G 2023 Model) Dolby Vision HDR Ultra Dolby Atmos Google Assistant Built-In with Voice Remote Works with Alexa Streaming UHD Television
Electronics/Televisions &amp; Video Products/Televisions/LED &amp; LCD TVs,TCL 55-Inch Q7 QLED 4K Smart TV with Google TV (55Q750G 2023 Model) Dolby Vision &amp; Atmos HDR Ultra 120Hz Game Accelerator up to 240Hz Voice Remote Works with Alexa Streaming UHD Television
Electronics/Televisions &amp; Video Products/Televisions/OLED TVs,LG C3 Series 65-Inch Class OLED evo 4K Processor Smart Flat Screen TV for Gaming with Magic Remote AI-Powered OLED65C3PUA 2023 with Alexa Built-in
Electronics/Televisions &amp; Video Products/Televisions/OLED TVs,LG B2 Series 55-Inch Class OLED Smart TV OLED55B2PUA 2022 - AI-Powered 4K TV Alexa Built-in Black
Electronics/Televisions &amp; Video Products/Televisions/OLED TVs,SAMSUNG 65-Inch Class OLED 4K S90C Series Quantum HDR Dolby Atmos Object Tracking Sound Lite Ultra Thin Q-Symphony 3.0 Gaming Hub Smart TV with Alexa Built-in (QN65S90C 2023 Model)
Electronics/Televisions &amp; Video Products/Televisions/OLED TVs,LG B3 Series 77-Inch Class OLED Smart TV OLED77B3PUA 2023 - AI-Powered 4K TV Alexa Built-in Black
Electronics/Televisions &amp; Video Products/Televisions/OLED TVs,LG G3 Series 65-Inch Class OLED evo 4K Processor Smart Flat Screen TV for Gaming with Magic Remote AI-Powered Gallery Edition OLED65G3PUA 2023 with Alexa Built-in
Electronics/Televisions &amp; Video Products/Televisions/OLED TVs,Sony OLED 65 inch BRAVIA XR A80L Series 4K Ultra HD TV: Smart Google TV with Dolby Vision HDR and Exclusive Gaming Features for The Playstation® 5 XR65A80L- 2023 Model Black
Electronics/Televisions &amp; Video Products/Televisions/OLED TVs,SAMSUNG 65-Inch Class OLED 4K S95C Series Quantum HDR Smart TV w/Dolby Atmos Object Tracking Sound+ Q Symphony Motion Xcelerator Turbo Pro Gaming Hub Alexa Built-in (QN65S95C)
Electronics/Televisions &amp; Video Products/Televisions/OLED TVs,Sony OLED 65 inch BRAVIA XR A75L Series 4K Ultra HD TV: Smart Google TV with Dolby Vision HDR and Exclusive Gaming Features for The Playstation® 5 XR65A75L- 2023 Model
Electronics/Televisions &amp; Video Products/Televisions/OLED TVs,LG C2 Series 55-Inch Class OLED evo Smart TV OLED55C2PUA 2022 - AI-Powered 4K TV Alexa Built-in Dark Silver
Electronics/Televisions &amp; Video Products/Televisions/OLED TVs,SAMSUNG 83-Inch Class OLED 4K S90C Series Quantum HDR Dolby Atmos Object Tracking Sound Lite Ultra Thin Q-Symphony 3.0 Gaming Hub Smart TV with Alexa Built-in (QN83S90C 2023 Model)
Electronics/Televisions &amp; Video Products/Televisions/OLED TVs,Sony 48 Inch 4K Ultra HD TV A90K Series: BRAVIA XR OLED Smart Google TV with Dolby Vision HDR and Exclusive Features for The Playstation- 5 XR48A90K- Latest Model Black
Electronics/Televisions &amp; Video Products/Televisions/OLED TVs,Sony OLED 65 inch BRAVIA XR A80K Series 4K Ultra HD TV: Smart Google TV with Dolby Vision HDR and Exclusive Gaming Features for The Playstation® 5 XR65A80K- 2022 Model
Electronics/Televisions &amp; Video Products/Televisions/OLED TVs,LG 55-Inch Class OLED evo Gallery Edition G2 Series Alexa Built-in 4K Smart TV 120Hz Refresh Rate AI-Powered Dolby Vision IQ and Atmos WiSA Ready Cloud Gaming (OLED55G2PUA 2022)
Electronics/Televisions &amp; Video Products/Televisions/OLED TVs,SAMSUNG 65-Inch Class OLED 4K S90C Series Quantum HDR Dolby Atmos Object Tracking Sound Lite Ultra Thin Q-Symphony 3.0 Gaming Hub Smart TV with Alexa Built-in (QN65S90C 2023 Model)
Electronics/Televisions &amp; Video Products/Televisions/OLED TVs,LG C3 Series 42-Inch Class OLED evo 4K Processor Smart TV for Gaming with Magic Remote AI-Powered OLED42C3PUA 2023 with Alexa Built-in (Renewed)
Electronics/Televisions &amp; Video Products/Televisions/OLED TVs,LG 97-Inch Class OLED evo Gallery Edition G2 Series Alexa Built-in 4K Smart TV 120Hz Refresh Rate AI-Powered Dolby Vision IQ and Atmos WiSA Ready Cloud Gaming (OLED97G2PUA 2022)
Electronics/Televisions &amp; Video Products/Televisions/OLED TVs,LG 55-Inch Class OLED Objet Collection Posé Series Smart TV 55LX1QPUA.AUS 2022 - AI-Powered 4K TV Alexa Built-in Black
Electronics/Televisions &amp; Video Products/Televisions/OLED TVs,SAMSUNG 65-Inch Class OLED 4K S95B Series Quantum HDR Dolby Atmos Object Tracking Sound Laser Slim Design Smart TV with Alexa Built-In (QN65S95BAFXZA 2022 Model)
Electronics/Televisions &amp; Video Products/Televisions/OLED TVs,LG C1 Series 65-Inch Class OLED Smart TV OLED65C1PUB 2021 - 4K TV Alexa Built-in
Electronics/Televisions &amp; Video Products/Televisions/OLED TVs,Sony 65 Inch 4K Ultra HD TV A95K Series: BRAVIA XR QD-OLED Smart Google TV with Dolby Vision HDR Bluetooth Wi-Fi USB Ethernet HDMI and Exclusive Features for Playstation 5 XR65A95K- 2022 Model
Electronics/Televisions &amp; Video Products/Televisions/OLED TVs,LG OLED65C3PUA OLED evo C3 65 Inch HDR 4K Smart OLED TV 2023 (Renewed) Bundle with 2 YR CPS Enhanced Protection Pack
Electronics/Televisions &amp; Video Products/Televisions/OLED TVs,SAMSUNG QN55S95CAFXZA 55 Inch Ultra Slim 4K Quantum HDR OLED Smart TV with a Stratus-Duo Controller with 2.4GHz and Bluetooth Options (2023)
Electronics/Televisions &amp; Video Products/Televisions/OLED TVs,SAMSUNG QN83S90CAEXZA 83 Inch OLED 4K Smart TV 2023 Bundle with 1 YR CPS Enhanced Protection Pack
Electronics/Televisions &amp; Video Products/Televisions/OLED TVs,SAMSUNG QN65S95CAFXZA 65 inch HDR Quantum Dot OLED Smart TV 2023 Bundle with 2 YR CPS Enhanced Protection Pack
Electronics/Televisions &amp; Video Products/Televisions/QLED TVs,SAMSUNG 55-Inch Class QLED 4K The Frame LS03B Series Quantum HDR Art Mode Anti-Reflection Matte Display Slim Fit Wall Mount Included Smart TV w/ Alexa Built-In (QN55LS03BAFXZA Latest Model)
Electronics/Televisions &amp; Video Products/Televisions/QLED TVs,SAMSUNG 65-Inch Class QLED 4K Q70C Series Quantum HDR Dual LED Object Tracking Sound Lite Q-Symphony Motion Xcelerator Turbo+ Gaming Hub Smart TV with Alexa Built-in (QN65Q70C 2023 Model) Black
Electronics/Televisions &amp; Video Products/Televisions/QLED TVs,Hisense 55-Inch Class U7 Series Mini-LED ULED 4K UHD Google Smart TV (55U7K 2023 Model) - QLED Native 144Hz 1000-Nit Dolby Vision IQ Full Array Local Dimming Game Mode Pro Alexa Compatibility
Electronics/Televisions &amp; Video Products/Televisions/QLED TVs,Amazon Fire TV 65 Omni QLED Series 4K UHD smart TV Dolby Vision IQ local dimming hands-free with Alexa
Electronics/Televisions &amp; Video Products/Televisions/QLED TVs,SAMSUNG 75-Inch Class QLED 4K Q60C Series Quantum HDR Dual LED Object Tracking Sound Lite Q-Symphony Motion Xcelerator Gaming Hub Smart TV with Alexa Built-in (QN75Q60C 2023 Model)
Electronics/Televisions &amp; Video Products/Televisions/QLED TVs,Hisense 75-Inch Class U8 Series ULED Mini-LED Google Smart TV (75U8K 2023 Model) - QLED Native 144Hz 1500-Nit Dolby Vision IQ Full Array Local Dimming Game Mode Pro Compatible with Alexa
Electronics/Televisions &amp; Video Products/Televisions/QLED TVs,Hisense 55-Inch Class U6 Series ULED Mini-LED Google Smart TV (55U6K 2023 Model) - QLED Full Array Local Dimming HDR 10+ Dolby Vision IQ Game Mode Plus VRR 240 Motion Rate Compatible with Alexa
Electronics/Televisions &amp; Video Products/Televisions/QLED TVs,VIZIO 65-inch Quantum Pro 4K QLED 120Hz Smart TV with 1 000 nits Brightness Dolby Vision Local Dimming 240FPS @ 1080p PC Gaming WiFi 6E Apple AirPlay Chromecast Built-in (VQP65C-84 New)
Electronics/Televisions &amp; Video Products/Televisions/QLED TVs,SAMSUNG 65-Inch Class Neo QLED 4K QN90C Series Quantum HDR+ Dolby Atmos Object Tracking Sound+ Anti-Glare Gaming Hub Q-Symphony Smart TV with Alexa Built-in (QN65QN90C 2023 Model)
Electronics/Televisions &amp; Video Products/Televisions/QLED TVs,SAMSUNG 85-Inch Class Neo QLED 4K QN85C Series Neo Quantum HDR Dolby Atmos Object Tracking Sound Motion Xcelerator Turbo+ Gaming Hub Smart TV with Alexa Built-in (QN85QN85C 2023 Model)
Electronics/Televisions &amp; Video Products/Televisions/QLED TVs,SAMSUNG 65-Inch Class QLED 4K Q80C Series Quantum HDR+ Dolby Atmos Object Tracking Sound Lite Direct Full Array Q-Symphony 3.0 Gaming Hub Smart TV with Alexa Built-in (QN65Q80C 2023 Model)
Electronics/Televisions &amp; Video Products/Televisions/QLED TVs,TCL 65-Inch Q6 QLED 4K Smart TV with Fire TV (65Q650F 2023 Model) Dolby Vision Dolby Atmos HDR Pro+ Voice Remote with Alexa Streaming UHD Television
Electronics/Televisions &amp; Video Products/Televisions/QLED TVs,SAMSUNG QN55LS03BAFXZA 55 The Frame 4K UltraHD Smart QLED TV with an Additional 1 Year Coverage by Epic Protect (2022)
Electronics/Televisions &amp; Video Products/Televisions/QLED TVs,SAMSUNG 65-Inch Class Frame Series - 4K Quantum HDR Smart TV with Alexa Built-in (QN65LS03AAFXZA 2021 Model)
Electronics/Televisions &amp; Video Products/Televisions/QLED TVs,VIZIO 43-Inch M-Series 4K QLED HDR Smart TV with Voice Remote Dolby Vision HDR10+ Alexa Compatibility VRR with AMD FreeSync M43Q6-J04 2021 Model
Electronics/Televisions &amp; Video Products/Televisions/QLED TVs,SAMSUNG 85-Inch Class Neo QLED 8K QN900C Series Mini LED Quantum HDR Smart TV with Infinity Screen Dolby Atmos Object Tracking Sound Pro Alexa Built-in (QN85QN900C 2023 Model) Titan Black
Electronics/Televisions &amp; Video Products/Televisions/QLED TVs,SAMSUNG 55-Inch Class The Serif LS01B Series - QLED 4K I-Shaped Design Anti-Reflection Matte Display -Portable Easel -Stand Ambient Mode+ Smart -TV -w/ Alexa Built-in (QN55LS01BAFXZA Latest Model)
Electronics/Televisions &amp; Video Products/Televisions/QLED TVs,SAMSUNG 43-Inch Class Neo QLED 4K QN90B Series Mini LED Quantum HDR 24x Dolby Atmos Object Tracking Sound+ Anti-Glare Ultra Viewing Angle Smart TV with Alexa Built-In (QN43QN90BAFXZA 2022 Model)
Electronics/Televisions &amp; Video Products/Televisions/QLED TVs,VIZIO 43-inch MQ6 Series 4K QLED HDR Smart TV w/Dolby Vision WiFi 6E Bluetooth Headphone Capable AMD FreeSync &amp; Alexa Compatibility M43Q6M-K04 2023 Model
Electronics/Televisions &amp; Video Products/Televisions/QLED TVs,SAMSUNG 55-Inch Class QLED Q70A Series - 4K UHD Quantum HDR Smart TV with Alexa Built-in (QN55Q70AAFXZA)
Electronics/Televisions &amp; Video Products/Televisions/QLED TVs,SAMSUNG 65-inch Class QLED 4K The Terrace Partial Sun Outdoor Direct Full Array 16x Quantum HDR 32x Weatherproof Wide Viewing Angle Smart TV w/ Alexa Built-in (QN65LST7TAFXZA Latest Model)
Electronics/Televisions &amp; Video Products/Televisions/QLED TVs,SAMSUNG QN98QN90AA 98 Inch Neo QLED QN90 Series 4K Smart TV with a HW-Q600C 3.1.2ch Soundbar and Subwoofer with Dolby Atmos and HDTV Screen Cleaner Kit (2021)
Electronics/Televisions &amp; Video Products/Televisions/QLED TVs,SAMSUNG 43-Inch Class QLED 4K Q60B Series Dual LED Quantum HDR Smart TV with Alexa Built-in (QN43Q60BAFXZA 2022 Model)
Electronics/Televisions &amp; Video Products/Televisions/QLED TVs,SAMSUNG 32-Inch Class QLED LS03B Series The Frame Quantum HDR Smart TV with Alexa Built-in (QN32LS03BBFXZA)
