disinfactant at The Home Depot,Theochem Laboratories 1 GA-Gallon In-Cide Ready to Use Disinfectant All-Purpose Cleaner
disinfactant at The Home Depot,Fiberlock 1 gal. Shockwave RTU Disinfectant and Cleaner
disinfactant at The Home Depot,OdoBan 1 Gal. Eucalyptus Disinfectant and Odor Eliminator Fabric Freshener Mold Control Multi-Purpose Cleaner Concentrate
disinfactant at The Home Depot,Theochem Laboratories In-Cide Gallon Ready to Use Disinfectant (2-Pack)
disinfactant at The Home Depot,BENEFECT 1 gal. All-Purpose Botanical Cleaner and Disinfectant Decon 30 for Germs & Mold Remediation on Multi-Surface (1 Unit)
disinfactant at The Home Depot,OdoBan 1 Gal. Lavender Disinfectant and Odor Eliminator Fabric Freshener Mold Control Multi-Purpose Cleaner Concentrate
disinfactant at The Home Depot,OdoBan 1 Gal. Cotton Breeze Disinfectant and Odor Eliminator Fabric Freshener Mold Control Multi-Purpose Cleaner Concentrate
disinfactant at The Home Depot,Lysol 144 oz. Lemon Breeze Disinfecting All-Purpose Cleaner
disinfactant at The Home Depot,Spray Nine 1 Gal. All-Purpose Cleaner and Disinfectant
disinfactant at The Home Depot,Mold Armor 1 Gal. Mold Remover and Disinfectant Inhibits Mold and Mildew
disinfactant at The Home Depot,1 Shot 1 Gal. Peroxide Disinfectant Cleaner
disinfactant at The Home Depot,ZEP 1 Gal. Antibacterial Disinfectant Cleaner
disinfectant wipes at The Home Depot,Clorox 75-Count Crisp Lemon and Fresh Scent Bleach Free Disinfecting Cleaning Wipes (3-Pack)
disinfectant wipes at The Home Depot,Lysol 80-Count Lemon and Lime Blossom Scent Disinfecting Wipes (3-Pack)
disinfectant wipes at The Home Depot,HDX 75-Count Fresh Scent and Lemon Scent Antibacterial Disinfecting Wipes (2-Pack)
disinfectant wipes at The Home Depot,Simple Green Pro Grade Heavy-Duty Towels (75-Count)
disinfectant wipes at The Home Depot,Lysol 80-Count Lemon and Lime Blossom Disinfecting Wipes
disinfectant wipes at The Home Depot,Clorox 35-Count Crisp Lemon and Fresh Scent Bleach Free Disinfecting Cleaning Wipes (6-Pack)
disinfectant wipes at The Home Depot,Clorox 75-Count Crisp Lemon and Fresh Scent Bleach Free Disinfecting Cleaning Wipes (4-Pack)
disinfectant wipes at The Home Depot,Grime Boss 30-Count Surface and Hand Wipes Heavy Duty Cleaning Wipes for Removing Paint Grease and Adhesives w/ Skin Safe Formula
disinfectant wipes at The Home Depot,Clorox 75-Count Crisp Lemon Scent Bleach Free Disinfecting Cleaning Wipes
disinfectant wipes at The Home Depot,Tub O\ Towels Citrus Scent Heavy-Duty Cleaning Wipes (90-Count)
disinfectant wipes at The Home Depot,Clorox Scentiva 75-Count Tahitian Grapefruit Splash Bleach Free Disinfecting Cleaning Wipes
disinfectant wipes at The Home Depot,Grime Boss 60-Count Surface and Hand Wipes Heavy Duty Cleaning Wipes for Removing Paint Grease and Adhesives w/ Skin Safe Formula
disinfectant wipes at The Home Depot,Clorox 35-Count Crisp Lemon and Fresh Scent Bleach Free Disinfecting Cleaning Wipes (3-Pack)
disinfectant wipes at The Home Depot,Clorox 35-Count Fresh Scent Bleach Free Disinfecting Cleaning Wipes
disinfectant wipes at The Home Depot,Clorox 75-Count Lemon Verbena Multi-Purpose Paper Towel Cleaning Disinfecting Wipes (3-Pack)
gloves at The Home Depot,FIRM GRIP Large Nitrile Coated Work Gloves (5 Pack)
gloves at The Home Depot,FIRM GRIP Large Utility Work Gloves (3-Pack)
gloves at The Home Depot,Grease Monkey Large Black 4 Mil Disposable Nitrile Gloves (100-Box)
gloves at The Home Depot,FIRM GRIP Mens Large Nitrile Glove (3-Pack))
gloves at The Home Depot,HDX Pop-N-Go Disposable Nitrile Gloves (40-Count)
gloves at The Home Depot,Milwaukee Large Red Nitrile Level 1 Cut Resistant Dipped Work Gloves
gloves at The Home Depot,HDX Black Heavy Duty 6 mil Nitrile Gloves Powder Free (10-Pack)
gloves at The Home Depot,HDX 120-CT Disposable Nitrile Gloves
gloves at The Home Depot,Milwaukee Large Performance Work Gloves
gloves at The Home Depot,FIRM GRIP Trade Master Large Tan Duck Canvas Glove
gloves at The Home Depot,FIRM GRIP Pro Cleaning Disposable Nitrile Gloves (100-Count)
glade candles at The Home Depot,Glade 6.8 oz. 3-Wick Sheer Vanilla Embrace Scented Candle
glade candles at The Home Depot,Glade 3.35 fl. oz. Clean Linen Scented Oil Plug-In Air Freshener Refill (5-Count)
glade candles at The Home Depot,Stonebriar Collection Unscented White 10 in. Dinner Taper Candles (30 PK)
glade candles at The Home Depot,Glade 0.67 fl. oz. Clean Linen Scented Oil Plug In Air Freshener Starter Kit
glade candles at The Home Depot,Glade 6.2 oz. Clean Linen Starter Kit Automatic Air Freshener
glade candles at The Home Depot,Glade 6.2 oz. Clean Linen Automatic Air Freshener Spray Refill (2-Count)
glade candles at The Home Depot,Febreze Air Effects 8.8 Oz. Linen and Sky Scent Air Freshener Spray (2-Pack)
glade candles at The Home Depot,Febreze Odor Eliminating 25 fl. oz. Gain Original Scent Small Spaces Automatic Air Freshener Dispenser (2-Count)
glade candles at The Home Depot,Air Wick 0.67 oz. Summer Delights Automatic Air Freshener Oil Plug-In Refill (5-Count)
glade candles at The Home Depot,Air Wick 0.67 oz. Fresh Linen Automatic Air Freshener Oil Plug-In Refill (5-Count)
pillar candles at The Home Depot,Stonebriar Collection 6 in. White Unscented Pillar Candles (Set of 6)
pillar candles at The Home Depot,Stonebriar Collection Unscented 3 in. x 4 in. White Pillar Candle (Set of 6)
pillar candles at The Home Depot,LumaCandle Battery Operated 9 in. Cream Pillar Candle with Moving Flame
pillar candles at The Home Depot,Stonebriar Collection Ivory 3x6 Real Wax LED Candle Set (6 Pk)
pillar candles at The Home Depot,LUMABASE LED Amber Battery Operated Mini Pillar Candles Set of 6
pillar candles at The Home Depot,Hampton Bay 6 in. x 12 in. Battery Operated Outdoor Patio Resin LED Candle
pillar candles at The Home Depot,Vance Kitira 6\\ 4\\ and 3.25\\ Moss Timber Pillar Candles Kit (Set of 3)
pillar candles at The Home Depot,LUMABASE Round Flameless Candle Set (Set of 3)
pillar candles at The Home Depot,SULLIVANS 5 in. Snowman Decal LED Pillar Candle
pillar candles at The Home Depot,Stonebriar Collection Black Metal Scrolled Pillar Candle Sconce
pillar candles at The Home Depot,LUMABASE Battery Operated LED Pillar Candles - Cream (set of 6)
pillar candles at The Home Depot,Vance Kitira 6\\ 4\\ and 3.25\\ Pale Yellow Timber Pillar Candles Kit (Set of 3)
repair patch at The Home Depot,DAP DryDex 8 oz. Wall Repair Patch Kit
repair patch at The Home Depot,Anvil 8 in. x 8 in. Drywall Repair Patch
repair patch at The Home Depot,Saint-Gobain ADFORS FibaTape Perfect Finish 4 in. x 4 in. Self-Adhesive Wall Repair Patch
repair patch at The Home Depot,DAP 4 in. Eclipse Wall Repair Patch
repair patch at The Home Depot,Wal-Board Tools 8 in. x 8 in. Self Adhesive Drywall Repair Patch
repair patch at The Home Depot,DAP 6 in. Eclipse Wall Repair Patch
repair patch at The Home Depot,Anvil 4 in. x 4 in. Drywall Repair Patch
repair patch at The Home Depot,USG Sheetrock Brand 1/2 in. x 23-5/8 in. x 23-5/8 in. Patch and Repair Drywall
repair patch at The Home Depot,DAP Patch-N-Paint 8 oz. White Premium-Grade Lightweight Spackling Paste
repair patch at The Home Depot,Screenmend 5 in. x 7 in. Silver-Gray Screen Repair Patch
repair patch at The Home Depot,ToolPro 4 in. x 4 in. Drywall Repair Patch (10-Pack)
repair patch at The Home Depot,Screenmend 5 in. x 7 in. Charcoal Screen Repair Patch (2-Pack)
repair tape at The Home Depot,ProForce 3-Layer Waterproof Repair Tape
repair tape at The Home Depot,3M 1.88 In. x 20 Yds. Clear Repair Duct Tape (1 Roll)
repair tape at The Home Depot,Gorilla 4 in. x 10 ft. Waterproof Patch and Seal Specialty/Anti-Slip Tape in Black
repair tape at The Home Depot,FLEX SEAL FAMILY OF PRODUCTS Flex Tape White 4 in. x 5 ft. Strong Rubberized Waterproof Tape
repair tape at The Home Depot,FLEX SEAL FAMILY OF PRODUCTS Flex Tape Clear 4 in. x 5 ft. Strong Rubberized Waterproof Tape
repair tape at The Home Depot,Nashua Tape 1.89 in. x 10.9 yd. Waterproofing Repair Foil Duct Tape Sealer
repair tape at The Home Depot,Gorilla 1.88 in. x 9 yds. Crystal Clear Specialty/Anti-Slip Tape
repair tape at The Home Depot,FLEX SEAL FAMILY OF PRODUCTS Flex Tape Black 8 in. x 5 ft. Strong Rubberized Waterproof Tape
repair tape at The Home Depot,Super Glue 1 in. x 10 ft. Black E-Z Fuse Silicone Tape
repair tape at The Home Depot,Nashua Tape 2.5 in. x 60 yd. 324A Premium Foil HVAC UL Listed Sealer Duct Tape
repair tape at The Home Depot,Saint-Gobain ADFORS FibaTape Perfect Finish 6 in. x 75 ft. Self-Adhesive Wall Repair Fabric
repair tape at The Home Depot,FLEX SEAL FAMILY OF PRODUCTS Flex Tape White 8 in. x 5 ft. Strong Rubberized Waterproof Tape
repair tape at The Home Depot,Nashua Tape 1.89 in. x 50 yd. 322 Multi-Purpose HVAC Foil Sealer Duct Tape
repair tape at The Home Depot,FLEX SEAL FAMILY OF PRODUCTS Flex Tape Black 4 in. x 5 ft. Strong Rubberized Waterproof Tape
repair tape at The Home Depot,Nashua Tape 3 in. x 5 yds. Aqua-Seal Duct Tape in Black
repair kits at The Home Depot,DAP DryDex 8 oz. Wall Repair Patch Kit
repair kits at The Home Depot,Woodford 17-Metal Handle Repair Kit (10-Piece)
repair kits at The Home Depot,RectorSeal Pipe Repair Kit
repair kits at The Home Depot,Fluidmaster PerforMAX Universal 2 in. High Performance Complete Toilet Repair Kit
repair kits at The Home Depot,Cramer Bath and Kitchen Finish Repair Kit in Plumbing White
repair kits at The Home Depot,Husky 3/8 in. Hose Repair Kit (5-Piece)
repair kits at The Home Depot,Roberts Universal Flooring Counter Cabinet and Furniture Repair Kit-Use with Wood Laminate or Vinyl
repair kits at The Home Depot,3M Large Hole 12 fl. oz. Wall Repair Kit
repair kits at The Home Depot,Husky T-Handle Tire Repair Kit
repair kits at The Home Depot,Everbilt Hydrant Repair Kit
repair kits at The Home Depot,Delta Repair Kit for Kitchen Faucets
repair kits at The Home Depot,Prime-Line Bi-Fold Door Repair Kit For 7/8 in. Wide Track Used with 3/8 in. Outside Diameter Pivots and Guides
repair kits at The Home Depot,Everbilt Floor Repair Kit
repair kits at The Home Depot,Zurn Complete Repair Kit
repair kits at The Home Depot,Intex Wet Set Adhesive Vinyl Plastic Pool Repair Patch (6-Pack)
repair kits at The Home Depot,CalFlor VinylFix Vinyl Flooring Repair Kit
repair kits at The Home Depot,picobello Flooring Repair Kit
repair kits at The Home Depot,Rain Bird Drip System Expansion and Repair Kit
repair kits at The Home Depot,Woodford Model 14 Metal Handle Repair Kit (7-Piece)
repair kits at The Home Depot,VinylDoc Vinyl Quick Repair Kit - Small
repair kits at The Home Depot,Everbilt Mr. Grip Screw Hole Repair Kit (8-Pack)
repair kits at The Home Depot,Magic 0.17 oz. Porcelain Chip Fix Repair for Tubs and Sinks
repair kit at The Home Depot,DAP DryDex 8 oz. Wall Repair Patch Kit
repair kit at The Home Depot,Fluidmaster PerforMAX Universal 2 in. High Performance Complete Toilet Repair Kit
repair kit at The Home Depot,Woodford 17-Metal Handle Repair Kit (10-Piece)
repair kit at The Home Depot,BATHWORKS 4 oz. Tub and Tile Chip Repair Kit in Bone
repair kit at The Home Depot,3M Large Hole 12 fl. oz. Wall Repair Kit
repair kit at The Home Depot,Tzumi ProGlass Smart Tools DIY Device Repair Kit (18-Count)
repair kit at The Home Depot,Husky T-Handle Tire Repair Kit
repair kit at The Home Depot,Cramer Bath and Kitchen Finish Repair Kit in Plumbing White
repair kit at The Home Depot,RectorSeal Pipe Repair Kit
repair kit at The Home Depot,Rain Bird Drip System Expansion and Repair Kit
repair kit at The Home Depot,Prime-Line Bi-Fold Door Repair Kit For 7/8 in. Wide Track Used with 3/8 in. Outside Diameter Pivots and Guides
repair kit at The Home Depot,Everbilt Mr. Grip Screw Hole Repair Kit (8-Pack)
repair kit at The Home Depot,MTD Genuine Factory Parts Fuel Line Repair Kit for MTD 2-Cycle and 4-Cycle Equipment
repair kit at The Home Depot,Magic 0.17 oz. Porcelain Chip Fix Repair for Tubs and Sinks
repair kit at The Home Depot,Weiman Wood Furniture and Floors Repair Kit Markers (4 Count)
repair kit at The Home Depot,Husky 3/8 in. Hose Repair Kit (5-Piece)
repair kit at The Home Depot,PF WaterWorks 1.5 in. x 7.25 in. ABS Universal Pop-Up Drain Repair Kit
repair kit at The Home Depot,3M High Strength Small Hole Repair All in One Applicator Tool
repair kit at The Home Depot,VinylDoc Vinyl Quick Repair Kit - Small
repair kit at The Home Depot,Everbilt Floor Repair Kit
repair kit at The Home Depot,Prime-Line Drawer Track Repair Kit Metal Track 22-1/2 in. long
rebuild at The Home Depot,BrassCraft Multi Turn Valve Stem Repair Kit
rebuild at The Home Depot,Lincoln Products Tub and Shower Rebuild Kit for American Standard Nu-Renu 2-Handle Faucets
rebuild at The Home Depot,Woodford 17-Metal Handle Repair Kit (10-Piece)
rebuild at The Home Depot,Fluidmaster PerforMAX Universal 2 in. High Performance Complete Toilet Repair Kit
rebuild at The Home Depot,SLOAN Regal R-1004-A (3317004) 1.6 GPF Closet (Toilet) Flushometer Rebuild Kit
rebuild at The Home Depot,Lincoln Products Tub and Shower Rebuild Kit for Harcraft 2-Handle Faucets
rebuild at The Home Depot,SLOAN Royal A-1101-A 3301070 1.6 GPF Diaphragm Performance Rebuild Kit for Low Consumption Water Closets
rebuild at The Home Depot,Lincoln Products Tub and Shower Rebuild Kit for Crane/Repcal 3-Handle Faucets
rebuild at The Home Depot,SLOAN 1.5 GPF Royal Exposed Urinal Rebuild Kit
rebuild at The Home Depot,BrassCraft Rebuild Trim Kit in Satin Nickel for Single Lever Tub/Shower Faucets
rebuild at The Home Depot,Orbit 3/4 in. and 1 in. Brass Anti-Siphon Repair Kit
rebuild at The Home Depot,Febco 1 in. to 1-1/4 in. Bonnet and Poppet Repair Kit
rebuild at The Home Depot,Lincoln Products Tub and Shower Rebuild Kit for American Standard Nu-Renu 3-Handle Faucets
rebuild at The Home Depot,Pfister S10-230 Verve 3-Handle Valve Rebuild Kit for Tub and Shower Faucets in Chrome Finish
rebuild at The Home Depot,SLOAN Regal R-1005-A (3317005) 1.0 GPF Urinal Flushometer Rebuild Kit
rebuild at The Home Depot,DANCO Lavatory Rebuild Kit for Valley Faucets
rebuild at The Home Depot,SLOAN A-1101-A-B 3301150 1.6 GPF Closet Excess Rebuild Kit
rebuild at The Home Depot,Everbilt 3-Handle Shower Valve Rebuild Kit with 2-Piece Escutcheon for Gerber Tub/Shower Faucets Replaces 87-215
rebuild at The Home Depot,Zurn 70XL Complete Repair Kit compatible with 1 in. 70XL 70DU and 70
rebuild at The Home Depot,Lincoln Products Tub and Shower Rebuild Kit for American Standard Renu 3-Handle Faucets
rebuild at The Home Depot,KISSLER and CO Briggs Shower Valve Rebuild Kit
rebuild at The Home Depot,BrassCraft Replacement Stem and Bib Washer for Multi-Turn Angle Valve
repair hardware at The Home Depot,Prime-Line Fix-A-Latch Strike Plate Repair Kit 1-3/8 in. and 1-3/4 in Steel Satin Nickel Plated Finish White Plastic Base
repair hardware at The Home Depot,Prime-Line Bi-fold Door Repair Bracket Top or Bottom Mount For Wood Doors (2 Pack)
repair hardware at The Home Depot,Everbilt 22-5/8 in. Monorail Drawer Track Repair Kit
repair hardware at The Home Depot,Prime-Line Drawer Track Repair Kit Metal Track 22-1/2 in. long
repair hardware at The Home Depot,Wright Products Repair Jamb Bracket - White
repair hardware at The Home Depot,Prime-Line Fix-A-Latch Strike Plate Repair Kit 1-3/8 in. and 1-3/4 in. Stamped Steel Brass Plated Finish White Plastic Base
repair hardware at The Home Depot,Prime-Line Bi-Fold Door Repair Kit Fits 7/16 in. Dia Hole 7/8 in. Outside Diameter Wheel Spring-Loaded Guides
repair hardware at The Home Depot,Fluidmaster PerforMAX Universal 2 in. High Performance Complete Toilet Repair Kit
repair hardware at The Home Depot,Prime-Line Fix-A-Latch Strike Plate Repair Kit 1-3/8 in. and 1-3/4 in Stamped Steel Bronze Plated Finish White Plastic Base
repair hardware at The Home Depot,Wal-Board Tools Drywall Repair Clip (6-Pack)
repair hardware at The Home Depot,Everbilt Mr. Grip Screw Hole Repair Kit (8-Pack)
repair hardware at The Home Depot,The Fix-A-Fence 8-1/2 in. x 3 in. x 36 in. 11 lb. Heavy Duty Powder Coated Metal Fence Post Repair Bracket
repair hardware at The Home Depot,Everbilt 1/4 in. x 1 in. Zinc-Plated Repair Link
repair hardware at The Home Depot,Husky T-Handle Tire Repair Kit
repair hardware at The Home Depot,Prime-Line 24 in. Wood Drawer Track Repair Kit
repair cartridge at The Home Depot,MOEN Single-Handle Replacement Cartridge
repair cartridge at The Home Depot,Delta Delta Tub & Shower Cartridges 4 D White
repair cartridge at The Home Depot,MOEN Posi-Temp Pressure Balanced Shower Cartridge
repair cartridge at The Home Depot,MOEN Single-Handle Replacement Cartridge
repair cartridge at The Home Depot,Delta Delta Tub & Shower Cartridges 1.9 D Assorted Colors
repair cartridge at The Home Depot,MOEN 2-Handle Replacement Cartridge
repair cartridge at The Home Depot,Delta 17 Series Delta Tub & Shower Cartridges 5 D White
repair cartridge at The Home Depot,Delta Stem Cartridge Repair Kit
repair cartridge at The Home Depot,Delta Delta Bathroom Sink Kitchen Sink Cartridges 1.5 D Chrome
repair cartridge at The Home Depot,MOEN Posi-Temp 1 Handle Tub/Shower Cartridge Repair Kit
repair cartridge at The Home Depot,Glacier Bay Hot or Cold Washerless Cartridge with Seat and Springs
repair cartridge at The Home Depot,Speakman Replacement Hot Ceramic Cartridge
repair cartridge at The Home Depot,Glacier Bay Ceramic Hot Cartridge Assembly D Type
repair cartridge at The Home Depot,American Standard 2-Handle Kit and Bath Cartridge
repair cartridge at The Home Depot,MOEN Duralast Replacement Cartridge
repair cartridge at The Home Depot,DANCO Cartridge for Moen Posi-Temp
repair cartridge at The Home Depot,Delta 1700 Cartridge Assembly
repair cartridge at The Home Depot,Delta Replacement Pressure Balance Cartridge for Tub and Shower Valves
repair cartridge at The Home Depot,DANCO MX-1 Cartridge for Mixet Single-Handle Faucets
repair cartridge at The Home Depot,Pfister 974-074 2-1/6 in. Hot and Cold 25 mm Cartridge for 529 Series Pull Down Single-Handle Kitchen Faucets
repair cartridge at The Home Depot,KOHLER 1/4 in. Turn Ceramic Cartridge (Hot) Used in Most Faucets
repair cartridge at The Home Depot,SLOAN FC100500K FLUSHMATE Cartridge
repair cartridge at The Home Depot,Pfister 974-042 Universal OX8 Pressure Balance Cartridge for Single-Handle Tub and Shower
repair cartridge at The Home Depot,Glacier Bay Faucet Ceramic Cartridge Assembly External Diameter 35 mm Ø4.8 mm
rebuild kit at The Home Depot,Woodford 17-Metal Handle Repair Kit (10-Piece)
rebuild kit at The Home Depot,Fluidmaster PerforMAX Universal 2 in. High Performance Complete Toilet Repair Kit
rebuild kit at The Home Depot,Everbilt 3-Handle Shower Valve Rebuild Kit for Price/Pfister Tub/Shower Faucets Replaces S10-230
rebuild kit at The Home Depot,Korky QuietFILL Platinum Complete Universal Toilet Repair Kit
rebuild kit at The Home Depot,Everbilt 3-Handle Shower Valve Rebuild Kit for Gerber Tub/Shower Faucets Replaces 87-215
rebuild kit at The Home Depot,KISSLER and CO 3-Handle Shower Valve Rebuild Kit for Sterling Tub/Shower Faucets Replaces A8105 and A8106
rebuild kit at The Home Depot,Lincoln Products Tub and Shower Rebuild Kit for Gerber 2-Handle Faucets
rebuild kit at The Home Depot,Symmons Temptrol Complete Shower Valve Rebuild Kit with Universal Seat Tools
rebuild kit at The Home Depot,Everbilt Electric Water Heater Tune-Up Kit
rebuild kit at The Home Depot,SLOAN Regal R-1004-A (3317004) 1.6 GPF Closet (Toilet) Flushometer Rebuild Kit
rebuild kit at The Home Depot,Zurn Complete Repair Kit
rebuild kit at The Home Depot,Lincoln Products Tub and Shower Rebuild Kit for Sterling 2-Handle Faucets
rebuild trim kit at The Home Depot,DANCO Tub and Shower Trim Kit for Gerber Faucets
rebuild trim kit at The Home Depot,BrassCraft Rebuild Trim Kit in Satin Nickel for Single Lever Tub/Shower Faucets
rebuild trim kit at The Home Depot,KISSLER and CO 1-Handle Shower Valve Trim Kit for Valley Shower Faucets in Brushed Nickel
rebuild trim kit at The Home Depot,Symmons Allura 1-Handle Valve Trim Kit in Satin Nickel (Valve not Included)
rebuild trim kit at The Home Depot,DANCO Tub/Shower 3-Handle Remodeling Trim Kit for Sayco in Chrome
rebuild trim kit at The Home Depot,DANCO 1-Handle Valve Trim Kit in Brushed Nickel for MOEN Tub/Shower Faucets (Valve Not Included)
rebuild trim kit at The Home Depot,DANCO Lavatory Trim Kit for Delta
rebuild trim kit at The Home Depot,Symmons Origins 1-Handle Shower Valve Trim in Polished Chrome (Valve not Included)
rebuild trim kit at The Home Depot,Delta Single-Lever Faucet Trim Kit for Tub and Shower
rebuild trim kit at The Home Depot,Pfister S10-230 Verve 3-Handle Valve Rebuild Kit for Tub and Shower Faucets in Chrome Finish
rebuild trim kit at The Home Depot,Everbilt 3-Handle Shower Valve Rebuild Kit for Price Pfister Faucets Replaces 910-374 and 910-382
rebuild trim kit at The Home Depot,Delta Ashlyn In2ition 1-Handle Wall Mount Shower Faucet Trim Kit in Stainless (Valve Not Included)
rebuild trim kit at The Home Depot,DANCO Porcelain Cross-Handle Bathtub and Shower Faucet Rebuild Kit
rebuild trim kit at The Home Depot,KISSLER and CO Price Pfister Shower Valve Rebuild Kit
rebuild trim kit at The Home Depot,KISSLER and CO Harcraft Shower Trim Rebuild Kit
rebuild trim kit at The Home Depot,DANCO 2-Handle Tub & Shower Faucet in Chrome For Moen (Valve and Handles Not Included)
rebuild trim kit at The Home Depot,DANCO 1-Handle Valve Trim Kit in Brushed Nickel for Delta Tub/Shower Faucets (Valve Not Included)
rebuild trim kit at The Home Depot,DANCO Tub/Shower Trim Kit for Union Brass
rebuild trim kit at The Home Depot,Magic 1-1/4 in. x 5 ft. Tub and Floor Peel and Stick Caulk Strip in White
rebuild trim kit at The Home Depot,KISSLER and CO 3-Handle Shower Valve Rebuild Kit for Sterling Tub/Shower Faucets Replaces A8105 and A8106
rebuild trim kit at The Home Depot,KISSLER and CO Price Pfister Shower Valve Rebuild Kit
rebuild trim kit at The Home Depot,DANCO Lavatory Rebuild Kit for Delta Faucets
rebuild trim kit at The Home Depot,KISSLER and CO Price Pfister Shower Valve Rebuild Kit
rebuild trim kit at The Home Depot,Lincoln Products Tub and Shower Rebuild Kit for Gerber 2-Handle Faucets
rebuild trim kit at The Home Depot,KISSLER and CO 3-Handle Shower Valve Rebuild Kit for American Standard Tub/Shower Faucets Replaces 18293-02 and 18355-02
rebuild trim kit at The Home Depot,Lincoln Products Tub and Shower Rebuild Kit for Harcraft 2-Handle Faucets
rebuild trim kit at The Home Depot,DANCO 3-Handle Valve Trim Kit for Gerber in Chrome (Valve Not Included)
rebuild trim kit at The Home Depot,Symmons ShowerOff Trim Kit
masonite at The Home Depot,Masonite MDF Series Smooth 1-Panel Solid Core Primed Composite Interior Door Slab
masonite at The Home Depot,Masonite 30 in. x 80 in. Primed 2-Panel Square Hollow Core Composite Interior Door Slab
masonite at The Home Depot,Masonite Textured 6-Panel Hollow Core Primed Composite Interior Door Slab with Bore
masonite at The Home Depot,Masonite 36 in. x 80 in. No Panel Unfinished Smooth Flush Hardwood Composite Interior Door Slab
masonite at The Home Depot,Masonite 30 in. x 80 in. 6 Panel Smooth Solid Core Primed Composite Interior Door Slab
masonite at The Home Depot,Masonite 30 in. x 80 in. Roman Primed 2-Panel Round Top Hollow Core Composite Interior Door Slab
masonite at The Home Depot,Masonite 32 in. x 80 in. 2 Panel Cheyenne Smooth Camber Top Plank Solid Core Primed Composite Interior Door Slab
masonite at The Home Depot,Masonite 24 in. x 80 in. 2 Panel Cheyenne Smooth Camber Top Plank Hollow Core Primed Composite Interior Door Slab
masonite at The Home Depot,Masonite Textured 6-Panel Hollow Core Primed Composite Interior Door Slab
masonite at The Home Depot,Masonite 24 in. x 80 in. No Panel Unfinished Full-Louvered Solid Core Pine Interior Door Slab
masonite at The Home Depot,Masonite Smooth Flush Hardwood Hollow Core Birch Veneer Composite Interior Door Slab
masonite at The Home Depot,Masonite Smooth 15-Lite French Solid Core Unfinished Pine Interior Door Slab
masonite at The Home Depot,Masonite 24 in. x 80 in. 2 Panel Roman Smooth Round Top Solid Core Primed Composite Interior Door Slab
masonite at The Home Depot,Masonite Radiata Smooth 6-Panel Solid Core Unfinished Pine Interior Door Slab
masonite at The Home Depot,Masonite Textured 6-Panel Solid Core Primed Composite Single Prehung Interior Door
masonite at The Home Depot,Masonite 30 in. x 80 in. 2 Panel Smooth Solid Core Primed Composite Interior Door Slab
masonite at The Home Depot,Masonite 30 in. x 80 in. Smooth 4-Panel Solid Core Primed Composite Interior Door Slab
masonite at The Home Depot,Masonite Riverside Smooth 5-Panel Equal Hollow Core Primed Composite Interior Door Slab
masonite at The Home Depot,Masonite Smooth 10-Lite French Solid Core Unfinished Pine Interior Door Slab
masonite at The Home Depot,Masonite Radiata Smooth 6-Panel Solid Core Unfinished Pine Interior Door Slab
masonite at The Home Depot,Masonite 30 in. x 80 in. 3 Panel Winslow Primed Solid Core Composite Interior Door Slab
fuel at The Home Depot,TruFuel 4 Cycle Ethanol-Free Fuel 110 oz.
fuel at The Home Depot,TruFuel 50:1 Pre Oil Mix
fuel at The Home Depot,TruFuel 50:1 Pre-Mixed Fuel Plus Oil
fuel at The Home Depot,TruFuel 50:1 Pre Mixed Fuel 2.1 Gal
fuel at The Home Depot,ECHO Red Armor 32 oz. 50:1 Pre-mixed Ethanol Free Fuel
fuel at The Home Depot,ECHO Red Armor 110 oz. 50:1 Pre-mixed Ethanol Free Fuel
fuel at The Home Depot,Milwaukee M18 FUEL 18-Volt Lithium-Ion Brushless Cordless Gen II 18-Gauge Brad Nailer (Tool-Only)
fuel at The Home Depot,TruFuel 4 Cycle Ethanol-Free Fuel 32 oz.
fuel at The Home Depot,Sta-Bil Storage Fuel Stabilizer 8 oz. Treats 20 Gallons of Fuel
fuel at The Home Depot,Milwaukee M18 FUEL 18V Lithium-Ion Brushless Cordless Hammer Drill and Impact Driver Combo Kit (2-Tool) with 2 Batteries
fuel at The Home Depot,Milwaukee M18 FUEL 18V Lithium-Ion Brushless Cordless HACKZALL Reciprocating Saw (Tool-Only)
fuel at The Home Depot,PowerCare Power Care 32 oz. 50:1 Pre-Mixed Small Engine Fuel
fuel at The Home Depot,TruFuel 40: 1 Pre-Mixed Gasoline
dog food at The Home Depot,IRIS 12 Qt. and 33 Qt. Airtight Pet Food Storage Combo with a Scoop in Gray
dog food at The Home Depot,Dawn Ultra 28 oz. Original Scent Hand Washing Dish Soap (8-Pack)
dog food at The Home Depot,Dawn Platinum Powerwash 16 oz. Fresh Dishwashing Liquid
dog food at The Home Depot,IRIS 47 Qt. Airtight Pet Food Container in Chrome
dog food at The Home Depot,BirdRock Home Small Pet Feeder in Espresso
dog food at The Home Depot,Platinum Pets .75 Cup Modern Double Diner Feeder with Cat/Puppy Bowls Corona Lime
dog food at The Home Depot,TEAMSON PETS 5.25 in. W Billie Raised Safe Food Grade White Ceramic Pet Bowl with Bamboo Stand and Non-Slip Padded Bottom in Brown
dog food at The Home Depot,Platinum Pets 1 Cup Food Scoop Raspberry Pop
dog food at The Home Depot,Platinum Pets .75 Cup Modern Double Diner Feeder with Cat/Puppy Bowls Pearl White
dog food at The Home Depot,Platinum Pets .75 Cup Modern Double Diner Feeder with Cat/Puppy Bowls Sapphire Blue
dog food at The Home Depot,Platinum Pets .75 Cup Modern Double Diner Feeder with Cat/Puppy Bowls Raspberry Pop
dog food at The Home Depot,Platinum Pets .75 Cup Modern Double Diner Feeder with Cat/Puppy Bowls Caribbean Teal
dog food at The Home Depot,Perky-Pet Antique Copper Rust-Resistant Panorama Hanging Wild Bird Feeder - 2 lb. Capacity
dog food at The Home Depot,Perky-Pet Scoop-N-Fill Bird Seed Scoop - 4 Cup Capacity
dog food at The Home Depot,More Birds Woodland Hopper Green Metal Songbird Seed Feeder 3.6 lbs. Feed Capacity
dog food at The Home Depot,Platinum Pets Olympic Diner Feeder with Stainless Steel Cat/Dog Bowl Silver Vein
dog food at The Home Depot,Platinum Pets Olympic Diner Feeder with Stainless Steel Cat/Dog Bowl Bubble Gum Pink
dog food at The Home Depot,Platinum Pets Olympic Diner Feeder with Stainless Steel Cat/Dog Bowl Sapphire Blue
dog food at The Home Depot,Platinum Pets Olympic Diner Feeder with Stainless Steel Cat/Dog Bowl Midnight Black
dog food at The Home Depot,Platinum Pets Olympic Diner Feeder with Stainless Steel Cat/Dog Bowl Bubble Gum Pink
dog food at The Home Depot,Platinum Pets Olympic Diner Feeder with Stainless Steel Cat/Dog Bowl Raspberry Pop
fuel line at The Home Depot,Powercare Fuel Line and Primer Bulb Tune-Up Kit
fuel line at The Home Depot,Arnold Low Permeation Fuel Line for Lawn Mowers
fuel line at The Home Depot,PowerCare Universal Fuel Line
fuel line at The Home Depot,Powercare 1/4 in. or 5/16 in. Fuel Filter Line fits All Gas Engines Up To 80 HP
fuel line at The Home Depot,Everbilt 3/16 in. O.D. x 3/32 in. I.D. x 10 ft. Vinyl Micro Fuel Line
fuel line at The Home Depot,PowerCare 1/4 in. Low Permeation Fuel Line for riding and walk-behind mowers (R-07-053)
fuel line at The Home Depot,Everbilt 1/4 in. O.D. x 1/8 in. I.D. x 10 ft. Vinyl Micro Fuel Line
fuel line at The Home Depot,Everbilt 1/4 in. O.D. x 7/64 in. I.D. x 10 ft. Vinyl Micro Fuel Line
fuel line at The Home Depot,RYOBI Fuel Line and Primer Bulb Tune-Up Kit
fuel line at The Home Depot,Arnold Universal Gas Shut off Valve
fuel line at The Home Depot,Motorcraft Fuel Hose
fuel line at The Home Depot,Oregon Replacement Low Perm Fuel Line Universal Fit
fuel line at The Home Depot,Milwaukee 0.095 in. x 250 ft. Trimmer Line
fuel line at The Home Depot,Rino-Tuff Pivotrim and Pivotrim Hybrid 2-N-1 Head Replacement Precut Trimmer Line
fuel line at The Home Depot,Attwood Fuel Line Kit
fuel line at The Home Depot,Makita 0.080 in. x 175 ft. Twisted Trimmer Line
fuel line at The Home Depot,STENS Inline Fuel Shutoff Valve Kit for Briggs & Stratton 698183
fuel line at The Home Depot,ECHO Fuel System Kit
fuel line at The Home Depot,STENS New 115-006 Fuel Line for 5/16 in. ID 1/2 in. OD Length 25 ft. Black PVC Oil Chemical & Gas Resistant Smooth & Flexible
fuel line at The Home Depot,STENS TrueBlue Fuel Line 115-504 3/32 in. I.D. x 5/32 in. O.D.
fuel line at The Home Depot,STENS New 115-121 Fuel Line for 1/4 in. I.D. 7/16 in. O.D. Length 25 ft. Smooth and Flexible
Drip Pans at The Home Depot,GE Range Drip Bowl/Pan for GE Hotpoint 4 -Pack
Drip Pans at The Home Depot,Whirlpool Drip Pan Kit in Chrome
Drip Pans at The Home Depot,Range Kleen 6 in. 2-Small and 8 in. 2-Large A Style Drip Pan in Black Porcelain (4-Pack)
Drip Pans at The Home Depot,Everbilt Universal Chrome Drip Bowl for Electric Ranges (4-Pack)
Drip Pans at The Home Depot,GE 17-1/2 in. x 8-1/2 in. Porcelain Double Gas Range Drip Pan
Drip Pans at The Home Depot,Oatey 28 in. x 30 in. Plastic Washing Machine Pan with 1 in. Furnished Drain Adapter
Drip Pans at The Home Depot,Everbilt 24 in. Plastic Drain Pan
Drip Pans at The Home Depot,Everbilt 24 in. Aluminum Drain Pan
Drip Pans at The Home Depot,Everbilt Chrome Drip Bowl for GE Electric Ranges (4-Pack)
Drip Pans at The Home Depot,Weber Small Drip Pans (10-Pack)
Drip Pans at The Home Depot,Range Kleen 6 in. 2-Small and 8 in. 2-Large Drip Pan and Trim Ring in Chrome (8-Pack)
Drip Pans at The Home Depot,FloTool Less Mess Oil Drain Pan
Drip Pans at The Home Depot,Range Kleen 6 in. Small and 8 in. Large Drip Pan in Chrome (2-Pack)
Drip Pans at The Home Depot,Weber Large Drip Pans (10-Pack)
Drip Pans at The Home Depot,Range Kleen Style A 6 in. Small and 8 in. Large Drip Pan in Chrome (2-Pack)
Drip Pans at The Home Depot,Range Kleen 6 in. 3-Small and 8 in. 2-Large Drip Bowl Plated (5-Pack)
Drip Pans at The Home Depot,Everbilt 20 in. Aluminum Drain Pan
Drip Pans at The Home Depot,Everbilt 24.5 in. x 20.5 in. Black Dishwasher Pan
Drip Pans at The Home Depot,Range Kleen 6 in. A Style Drip Pan in Chrome
Drip Pans at The Home Depot,Steam Planet 20 in. x 10 in. x 1 in. Steam Generator Drip Pan with Drain Stainless Steel
Drip Pans at The Home Depot,Whirlpool Drip Pan Kit in Black
Drip Pans at The Home Depot,Everbilt 8 in. Chrome Drip Bowl for GE Electric Ranges
Drip Pans at The Home Depot,Everbilt 4PK CHROME RANGE DRIP BOWL (NON-GE)
Drip Pans at The Home Depot,Range Kleen 6 in. 2-Small and 8 in. 2-Large Drip Pan and Trim Ring in Porcelain (8-Pack)
angi home service at The Home Depot,Tabletops Gallery 16-Piece Casual White with Pattern Ceramic Dinnerware Set (Service for 4)
angi home service at The Home Depot,Home Decorators Collection Azria Melamine Dinnerware Set in Ivory (Service for 4)
angi home service at The Home Depot,Gibson Home Ogalla 30-Piece Casual White Porcelain Dinnerware Set (Service for 6)
angi home service at The Home Depot,Euro Ceramica Zanzibar 32-Piece Patterned Multicolor/Spanish Floral Design Ceramic (Service for 8)
angi home service at The Home Depot,Elama 16-Piece Luna Embossed Scalloped White Stoneware Dinnerware Set (Service for 4)
angi home service at The Home Depot,Certified International Gilded Rooster 3-Piece Traditional Multi-Colored Ceramic 48 58 86 oz. Canister Set
angi home service at The Home Depot,Euro Ceramica Duomo 32-Piece Patterned Multicolor/Italian Design Stoneware Dinnerware Set (Service for 8)
angi home service at The Home Depot,vancasso Navia 16-Piece Vintage Oceano Light Blue Stoneware Dinnerware Set (Service for 4)
angi home service at The Home Depot,vancasso Bonbon 24-Pieces Blue Stoneware Handpainted Spirals Pattern Dinnerware Set (Service for 6)
angi home service at The Home Depot,Sango Nova 16-Piece Casual Brown Stoneware Dinnerware Set (Service for 4)
Drip Tray grills at The Home Depot,Weber Small Drip Pans (10-Pack)
Drip Tray grills at The Home Depot,Traeger Drip Tray Liner for Traeger Pro 575/22 Series (5-Pack)
Drip Tray grills at The Home Depot,Traeger Drip Tray Liner for Traeger Pro 34 (5-Pack)
Drip Tray grills at The Home Depot,Traeger Drip Tray Liner for Traeger Pro 780 (5-Pack)
Drip Tray grills at The Home Depot,Weber Large Drip Pans (10-Pack)
Drip Tray grills at The Home Depot,Traeger Drip Tray Liner Timberline 1300 (5-Pack)
Drip Tray grills at The Home Depot,Kenyon Permanent Non-Stick Coated Drip Tray
Drip Tray grills at The Home Depot,Traeger Drip Tray Liner for Traeger Tailgater (5-Pack)
Drip Tray grills at The Home Depot,Weber Drip Pans for Pellet/Summit Grill (10-Pack)
Drip Tray grills at The Home Depot,Weber Small Drip Pans\xa0(20-Pack)
Drip Tray grills at The Home Depot,Traeger Drip Tray Liner for Traeger Ironwood 650 (5-Pack)
Drip Tray grills at The Home Depot,Traeger Drip Tray Liner for Traeger Ranger/Scout (5-Pack)
Drip Tray grills at The Home Depot,Magma Gourmet Series Grease Catch Pan
Drip Tray grills at The Home Depot,OVENTE Nickel Brushed Electric Panini Press Grill 2-Slice Drip Tray Included
Drip Tray grills at The Home Depot,Weber Replacement Catch Pan and Holder for Genesis 1000-5500/Silver/Gold/Platinum Platinum I/II Spirit & Summit Gas Grill
Drip Tray grills at The Home Depot,Traeger Drip Tray Liner for Pro 575/22 Series (5-Pack)
Drip Tray grills at The Home Depot,OVENTE Non-Stick Plate Electric Griddle Temperature Probe and Control Knob Indicator Light and Drip Tray
Drip Tray grills at The Home Depot,Weber Large Drip Pans (20-Pack)
Drip Tray grills at The Home Depot,Traeger BBQ Tray
Drip Tray grills at The Home Depot,HOLSTEIN HOUSEWARES 14 in. Smokeless Indoor Grill Non-Stick Copper With Drip Tray Red
Drip Tray grills at The Home Depot,Traeger Drip Tray Liner for Pro 780 Wood Pellet Grill (5-Pack) (Multi-Pack)
Drip Tray grills at The Home Depot,Traeger Grill Drip Pan + Bucket Liner- Pro 780 Bundle
repair gasket rebuild kit at The Home Depot,Rutland 3/4 in. x 7 ft. Grapho-Glas Replacement Gasket Kit
repair gasket rebuild kit at The Home Depot,Orbit 3/4 in. and 1 in. Brass Anti-Siphon Repair Kit
repair gasket rebuild kit at The Home Depot,Rutland 3/8 in. x 7 ft. Grapho-Glas Replacement Gasket Kit
repair gasket rebuild kit at The Home Depot,Rheem Gasket Replacement Kit with Thermocouple for FVIR Water Heater
repair gasket rebuild kit at The Home Depot,RectorSeal Pipe Repair Kit
repair gasket rebuild kit at The Home Depot,Everbilt 4 in. Replacement Vent Cap and Gasket Kit
repair gasket rebuild kit at The Home Depot,Chapin Seal and Gasket Kit
repair gasket rebuild kit at The Home Depot,Wayne PLS100 Certified Replacement Shaft Seal and Gasket
repair gasket rebuild kit at The Home Depot,Rutland 7 ft. x 7/8 in. Graphoglas Gasket Pellet Stove Replacement Kit Rope
repair gasket rebuild kit at The Home Depot,Rain Bird Diaphragm Replacement Kit for Non-Jar Top Valves
repair gasket rebuild kit at The Home Depot,Fluidmaster PerforMAX Universal 2 in. High Performance Complete Toilet Repair Kit
repair gasket rebuild kit at The Home Depot,Rutland 1/2 in. x 7 ft. Grapho-Glas Replacement Stove Gasket Kit
repair gasket rebuild kit at The Home Depot,Everbilt 3/4 in. Rubber Dielectric Union Rebuild Kit
repair gasket rebuild kit at The Home Depot,Longray Viton Gasket Kit for Stainless Steel Sprayer
repair gasket rebuild kit at The Home Depot,DANCO 200-Piece O-Ring Kit
repair gasket rebuild kit at The Home Depot,US Stove 3/8 in. Rope Gasket Kit
repair gasket rebuild kit at The Home Depot,InSinkErator Mounting Gasket Kit for InSinkErator Badger & Evolution Septic Assist Garbage Disposal (2-Pack)
repair gasket rebuild kit at The Home Depot,DANCO Home Washer Assortment (42-Piece Kit)
repair gasket rebuild kit at The Home Depot,US Stove 1/2 in. Door Gasket Kit
repair gasket rebuild kit at The Home Depot,Fluidmaster Universal 2 in. Tank-to-Bowl Toilet Gasket System with Bolts
repair gasket rebuild kit at The Home Depot,Watts Anti-Siphon Valve Repair Kit
Protection Plans at The Home Depot,The Home Depot Protection Plan by Allstate 5-Year Major Appliances Protection Plan
Protection Plans at The Home Depot,The Home Depot Protection Plan by Allstate Indoor Lawn & Garden Protection Plan
Protection Plans at The Home Depot,The Home Depot Protection Plan by Allstate Small Appliances Protection Plan
Protection Plans at The Home Depot,The Home Depot Protection Plan by Allstate Water Heater and Water Softener Protection Plan
Protection Plans at The Home Depot,The Home Depot Protection Plan by Allstate Outdoor Lawn & Garden Protection Plan
Protection Plans at The Home Depot,The Home Depot Protection Plan by Allstate Indoor Lawn & Garden Protection Plan
Protection Plans at The Home Depot,The Home Depot Protection Plan by Allstate Plumbing Protection Plan
Protection Plans at The Home Depot,The Home Depot Protection Plan by Allstate Area Rugs Protection Plan
Protection Plans at The Home Depot,The Home Depot Protection Plan by Allstate Furniture Protection Plan
Protection Plans at The Home Depot,The Home Depot Protection Plan by Allstate 3-Year Major Appliances Protection Plan
Protection Plans at The Home Depot,The Home Depot Protection Plan by Allstate Hardware Tools Protection Plan
Protection Plans at The Home Depot,The Home Depot Protection Plan by Allstate Power Tool Protection Plan
Protection Plans at The Home Depot,The Home Depot Protection Plan by Allstate Furniture Protection Plan
Protection Plans at The Home Depot,The Home Depot Protection Plan by Allstate Bath Protection Plan
Protection Plans at The Home Depot,The Home Depot Protection Plan by Allstate Electrical Protection Plan
Protection Plans at The Home Depot,The Home Depot Protection Plan by Allstate Flooring Tools Protection Plan
Protection Plans at The Home Depot,The Home Depot Protection Plan by Allstate Garage and Misc Doors and Openers Protection Plan
Protection Plans at The Home Depot,The Home Depot Protection Plan by Allstate Bath Protection Plan
Protection Plans at The Home Depot,The Home Depot Protection Plan by Allstate Outdoor Lawn & Garden Protection Plan
Protection Plans at The Home Depot,The Home Depot Protection Plan by Allstate Hardware Tools Protection Plan
Protection Plans at The Home Depot,The Home Depot Protection Plan by Allstate Painting Tools Protection Plan
Protection Plans at The Home Depot,The Home Depot Protection Plan by Allstate Playsets Protection Plan
Protection Plans at The Home Depot,The Home Depot Protection Plan by Allstate Power Tool Protection Plan
Protection Plans at The Home Depot,The Home Depot Protection Plan by Allstate Playsets Protection Plan
masonite sheet at The Home Depot,Handprint 1/8 in. x 2 ft. x 4 ft. Tempered Hardboard (Actual: 0.115 in. x 23.75 in. x 47.75 in.) Project Panel
masonite sheet at The Home Depot,Columbia Forest Products 1/4 in. x 1 ft. x 1 ft. 7 in. Red Oak PureBond Plywood Project Panel (10-Pack)
masonite sheet at The Home Depot,Handprint 15/32 in. x 2 ft. x 2 ft. Sanded Plywood Project Panel
masonite sheet at The Home Depot,FORMICA 4 ft. x 8 ft. Laminate Sheet in Brite White with Matte Finish
masonite sheet at The Home Depot,Columbia Forest Products 1/4 in. x 1 ft. x 1 ft. 7 in. Mahogany PureBond Plywood Project Panel 2-Sided (10-Pack)
masonite sheet at The Home Depot,Handprint 1/2 in. x 2 ft. x 4 ft. Radiata Pine Plywood (Actual: 0.469in. x 23.75 in. x 47.75 in.) Project Panel
masonite sheet at The Home Depot,Handprint 1/4 in. x 2 ft. x 4 ft. Sande Plywood Project Panel
masonite sheet at The Home Depot,Columbia Forest Products 1/4 in. x 1 ft. x 1 ft. 7 in. PureBond Maple Plywood Project Panel (10-Pack)
masonite sheet at The Home Depot,Handprint 5/8 in. x 2 ft. x 4 ft. Particleboard Project Panel
masonite sheet at The Home Depot,Handprint 7/16 in. x 2 ft. x 4 ft. Oriented Strand Board Project Panel
masonite sheet at The Home Depot,Handprint 1/2 in. x 2 ft. x 4 ft. Medium Density Fiberboard Project Panel
masonite sheet at The Home Depot,Handprint 23/32 in. x 4 ft. x 4 ft. BCX Sanded Plywood (Actual: 0.703 in. x 47.75 in. x 47.75 in.)
masonite sheet at The Home Depot,James Hardie Magnolia Home Hardie Trim HZ5 0.75 in. x 2.5 in. x 12 ft. Fiber Cement Dried Eucalyptus Smooth Batten Trim 190-pck
masonite sheet at The Home Depot,Tri-PLY Underlayment (Common: 5.0 mm\xa0x 4 ft. x 4 ft.; Actual: 0.196 in. x 47.75 in. x 48 in.)
Repair Clamps - Plumbing Accessories - The Home Depot,Everbilt 1/2 - 1-1/4 in. Stainless Steel Hose Clamp (10-Pack)
Repair Clamps - Plumbing Accessories - The Home Depot,Everbilt 3/4 - 1-3/4 in. Stainless Steel Hose Clamp
Repair Clamps - Plumbing Accessories - The Home Depot,Everbilt 3/8 - 7/8 in. Stainless Steel Hose Clamp (10-Pack)
Repair Clamps - Plumbing Accessories - The Home Depot,Everbilt 1-3/4 - 2-3/4 in. Stainless Steel Hose Clamp
Repair Clamps - Plumbing Accessories - The Home Depot,Everbilt 3 in. to 5 in. Stainless Steel Hose Clamp
Repair Clamps - Plumbing Accessories - The Home Depot,Everbilt 5/16 - 5/8 in. Stainless Steel Hose Clamp (10-Pack)
Repair Clamps - Plumbing Accessories - The Home Depot,Oatey 1-1/2 in. x 5 yd. Solder Plumbers Cloth Open Mesh Sand Roll
Repair Clamps - Plumbing Accessories - The Home Depot,IDEAL 2 in. No Hub Coupling Repair Clamps
Repair Clamps - Plumbing Accessories - The Home Depot,Everbilt 5 - 7 in. Stainless Steel Hose Clamp
Repair Clamps - Plumbing Accessories - The Home Depot,Everbilt 5/16 - 5/8 in. Stainless Steel Hose Clamp
Repair Clamps - Plumbing Accessories - The Home Depot,Oatey 9 in. x 12 in. Hands-Free Solder Heat Shield
Repair Clamps - Plumbing Accessories - The Home Depot,Everbilt 3 - 4 in. Stainless Steel Hose Clamp
Repair Clamps - Plumbing Accessories - The Home Depot,IDEAL 1 1/2 in. x 1 1/2 in. No-Hub Coupling Repair Clamps
Repair Clamps - Plumbing Accessories - The Home Depot,Woodford 17-Metal Handle Repair Kit (10-Piece)
Repair Clamps - Plumbing Accessories - The Home Depot,Oatey 8 oz. All-Purpose Leak Detector
Repair Clamps - Plumbing Accessories - The Home Depot,IDEAL 3 in. No Hub Coupling
Repair Clamps - Plumbing Accessories - The Home Depot,RectorSeal Pipe Repair Kit
Fuel Systems - Auto Parts - The Home Depot,ACDelco Engine Crankcase Breather Element
Fuel Systems - Auto Parts - The Home Depot,OE Solutions STEEL FUEL LINE REPAIR KIT. 3/8 IN. x 18 IN. w/16mm FITTING.
Fuel Systems - Auto Parts - The Home Depot,Motorcraft Fuel Hose
Fuel Systems - Auto Parts - The Home Depot,Bosch Air Filter 2009-2014 Acura TSX 2.4L
Fuel Systems - Auto Parts - The Home Depot,OE Solutions Turbocharger To Exhaust Up-Pipes V-Band Clamp
Fuel Systems - Auto Parts - The Home Depot,Delphi Fuel Pump Strainer
Fuel Systems - Auto Parts - The Home Depot,ACDelco Oxygen Sensor - Upstream
Fuel Systems - Auto Parts - The Home Depot,FEL-PRO Exhaust Manifold Gasket Set
Fuel Systems - Auto Parts - The Home Depot,Bosch Fuel Injection Throttle Body Assembly
Fuel Systems - Auto Parts - The Home Depot,DENSO Pump and Strainer
Fuel Systems - Auto Parts - The Home Depot,HELP PCV Grommet - 0.712 ID - 1.477 In. OD - 0.990 In. Thickness
Fuel Systems - Auto Parts - The Home Depot,Bosch Air Filter 2007-2009 Honda CR-V 2.4L
Fuel Systems - Auto Parts - The Home Depot,DENSO Electric Fuel Pump
Fuel Systems - Auto Parts - The Home Depot,ACDelco Electric Fuel Pump
Fuel Systems - Auto Parts - The Home Depot,Gates Fuel Tank Cap
Fuel Systems - Auto Parts - The Home Depot,ACDelco Air Filter
Fuel Systems - Auto Parts - The Home Depot,Wix Fuel Filter
Fuel Systems - Auto Parts - The Home Depot,OE Solutions Engine Air Intake Hose 2005-2006 Honda Odyssey
SEWING THREAD,"30-Piece, 24-Color 1000 Large Yards Cotton Sewing Thread Set"
SEWING THREAD,32-Piece in 21-Color Bright Cotton Sewing Bobbbins and Spool Threads
SEWING THREAD,"Everbilt #12 x 420 ft. 100% Cotton Twine Rope, White"
SEWING THREAD,54-Spool Wall Mounted Wooden Sewing Thread Rack
SEWING THREAD,"66-Piece, 27-Color Rainbow Sewing Thread Kit"
SEWING THREAD,T.W. Evans Cordage 2 oz. Wax Sail Kit with Needle in Brown
