Search Results for Dining Tables - Kitchen at The Home Depot,Harper & Bright Designs Morden Style 6-Piece Wood Top Gray Foldable Table Dining Room Set with 4-Chairs and Bench
Search Results for Dining Tables - Kitchen at The Home Depot,Homy Casa Zaman 77.7 in. Rectangle Removable Leaf Brown Wood Dining Table (Seats 6)
Search Results for Dining Tables - Kitchen at The Home Depot,Acme Furniture Zumala Dining Table in Marble & Weathered Oak Finish
Search Results for Dining Tables - Kitchen at The Home Depot,HOMESTYLES 42 in. Round Cottage Oak Dining Table
Search Results for Dining Tables - Kitchen at The Home Depot,Benjara Opulence Silver Wooden Dining Table
Search Results for Dining Tables - Kitchen at The Home Depot,PRIMO INTERNATIONAL Harrington Wood Dining Table
Search Results for Dining Tables - Kitchen at The Home Depot,WINSOME WOOD Inglewood Walnut Dining Table
Search Results for Dining Tables - Kitchen at The Home Depot,Carnegy Avenue Antique Rustic Dining Table
Search Results for Dining Tables - Kitchen at The Home Depot,Luxor Tarrytown Nature 67.91 in. Dining Table
Search Results for Dining Tables - Kitchen at The Home Depot,Linon Home Decor Reeser White Dining Table
Search Results for Dining Tables - Kitchen at The Home Depot,Armen Living Modena Walnut Dining Table
Search Results for Dining Tables - Kitchen at The Home Depot,Steve Silver Hutchins 95 in. Rectangle Washed Espresso Distressed Wood Top with Wood Frame Dining Table (Seats up to 8)
Search Results for Dining Tables - Kitchen at The Home Depot,Magic Home 63 in. Gray Sintered Stone Dining Table with Double Pedestal Metal Base in Bronze
Search Results for Dining Tables - Kitchen at The Home Depot,Steve Silver Heston Farmhouse Rustic White Wood 84 in. 4 Leg Dining Table Seats Up to 8
Search Results for Dining Tables - Kitchen at The Home Depot,URTR 5-Piece Wood Top Espresso Dining Table Set Round Table with Bottom Shelf 4 Upholstered Chairs for Kitchen Dining Room
Search Results for Dining Tables - Kitchen at The Home Depot,Clihome 78.70 in. Contemporary Luxury Design Silver Rectangle Dining Table with Clear Tempered Glass Top
Search Results for Dining Tables - Kitchen at The Home Depot,Acme Furniture Weathered Oak Wallace II Dining Table
Search Results for Dining Tables - Kitchen at The Home Depot,International Concepts 5-Piece Set White / Heather Gray 36 in. Round Extendable Solid Wood Dining Table with 4-Side Chairs
