",Weatherproofing_Garage Door Seals"
",Weatherproofing_Garage Door Seals"
",Weatherproofing_Garage Door Seals"
",Weatherproofing_Garage Door Seals"
",Weatherproofing_Garage Door Seals"
",Weatherproofing_Garage Door Seals"
",Weatherproofing_Garage Door Seals"
",Weatherproofing_Garage Door Seals"
",Weatherproofing_Garage Door Seals"
",Weatherproofing_Garage Door Seals"
",Weatherproofing_Garage Door Seals"
",Weatherproofing_Garage Door Seals"
",Weatherproofing_Garage Door Seals"
",Weatherproofing_Garage Door Seals"
",Weatherproofing_Garage Door Seals"
",Weatherproofing_Garage Door Seals"
",Weatherproofing_Garage Door Seals"
",Weatherproofing_Garage Door Seals"
",Weatherproofing_Garage Door Seals"
",Weatherproofing_Garage Door Seals"
",Weatherproofing_Garage Door Seals"
",Weatherproofing_Garage Door Seals"
",Weatherproofing_Garage Door Seals"
",Weatherproofing_Garage Door Seals"
",Weatherproofing_Garage Door Seals"
",Weatherproofing_Garage Door Seals"
",Weatherproofing_Garage Door Seals"
",Weatherproofing_Garage Door Seals"
",Weatherproofing_Garage Door Seals"
",Weatherproofing_Garage Door Seals"
",Jacks & Accessories_Accessories"
",Jacks & Accessories_Accessories"
",Jacks & Accessories_Accessories"
",Jacks & Accessories_Accessories"
",Jacks & Accessories_Accessories"
",Jacks & Accessories_Accessories"
",Jacks & Accessories_Accessories"
",Jacks & Accessories_Accessories"
",Jacks & Accessories_Accessories"
",Jacks & Accessories_Accessories"
",Jacks & Accessories_Accessories"
",Jacks & Accessories_Accessories"
",Jacks & Accessories_Accessories"
",Jacks & Accessories_Accessories"
",Jacks & Accessories_Accessories"
",Jacks & Accessories_Accessories"
",Jacks & Accessories_Accessories"
",Jacks & Accessories_Accessories"
",Jacks & Accessories_Accessories"
",Jacks & Accessories_Accessories"
",Jacks & Accessories_Accessories"
",Jacks & Accessories_Accessories"
",Jacks & Accessories_Accessories"
",Jacks & Accessories_Accessories"
",Decking & Fencing_Railings & Pickets_Posts & Accessories_Caps"
",Decking & Fencing_Railings & Pickets_Posts & Accessories_Caps"
",Decking & Fencing_Railings & Pickets_Posts & Accessories_Caps"
",Decking & Fencing_Railings & Pickets_Posts & Accessories_Caps"
",Decking & Fencing_Railings & Pickets_Posts & Accessories_Caps"
",Decking & Fencing_Railings & Pickets_Posts & Accessories_Caps"
",Decking & Fencing_Railings & Pickets_Posts & Accessories_Caps"
",Decking & Fencing_Railings & Pickets_Posts & Accessories_Caps"
",Decking & Fencing_Railings & Pickets_Posts & Accessories_Caps"
",Decking & Fencing_Railings & Pickets_Posts & Accessories_Caps"
",Decking & Fencing_Railings & Pickets_Posts & Accessories_Caps"
",Decking & Fencing_Railings & Pickets_Posts & Accessories_Caps"
",Decking & Fencing_Railings & Pickets_Posts & Accessories_Caps"
",Decking & Fencing_Railings & Pickets_Posts & Accessories_Caps"
",Decking & Fencing_Railings & Pickets_Posts & Accessories_Caps"
",Decking & Fencing_Railings & Pickets_Posts & Accessories_Caps"
",Decking & Fencing_Railings & Pickets_Posts & Accessories_Caps"
",Decking & Fencing_Railings & Pickets_Posts & Accessories_Caps"
",Decking & Fencing_Railings & Pickets_Posts & Accessories_Caps"
",Decking & Fencing_Railings & Pickets_Posts & Accessories_Caps"
",Decking & Fencing_Railings & Pickets_Posts & Accessories_Caps"
",Decking & Fencing_Railings & Pickets_Posts & Accessories_Caps"
",Decking & Fencing_Railings & Pickets_Posts & Accessories_Caps"
",Decking & Fencing_Railings & Pickets_Posts & Accessories_Caps"
",Decking & Fencing_Railings & Pickets_Posts & Accessories_Caps"
",Decking & Fencing_Railings & Pickets_Posts & Accessories_Caps"
",Decking & Fencing_Railings & Pickets_Posts & Accessories_Caps"
",Decking & Fencing_Railings & Pickets_Posts & Accessories_Caps"
",Decking & Fencing_Railings & Pickets_Posts & Accessories_Caps"
",Decking & Fencing_Railings & Pickets_Posts & Accessories_Caps"
",Decking & Fencing_Railings & Pickets_Posts & Accessories_Caps"
",Decking & Fencing_Railings & Pickets_Posts & Accessories_Caps"
",Decking & Fencing_Railings & Pickets_Posts & Accessories_Caps"
",Roofing_Roof Caps"
",Roofing_Roof Caps"
",Roofing_Roof Caps"
",Roofing_Roof Caps"
",Roofing_Roof Caps"
",Roofing_Roof Caps"
",Roofing_Roof Caps"
",Roofing_Roof Caps"
",Roofing_Roof Caps"
",Roofing_Roof Caps"
",Roofing_Roof Caps"
",Roofing_Roof Caps"
",Roofing_Roof Caps"
",Roofing_Roof Caps"
",Roofing_Roof Caps"
",Roofing_Roof Caps"
",Roofing_Roof Caps"
",Roofing_Roof Caps"
",Roofing_Roof Caps"
",Roofing_Roof Caps"
",Roofing_Roof Caps"
",Roofing_Roof Caps"
",Winches, Hoists & Pulleys_Winches"
",Winches, Hoists & Pulleys_Winches"
",Winches, Hoists & Pulleys_Winches"
",Winches, Hoists & Pulleys_Winches"
",Winches, Hoists & Pulleys_Winches"
",Winches, Hoists & Pulleys_Winches"
",Winches, Hoists & Pulleys_Winches"
",Winches, Hoists & Pulleys_Winches"
",Winches, Hoists & Pulleys_Winches"
",Winches, Hoists & Pulleys_Winches"
",Winches, Hoists & Pulleys_Winches"
",Winches, Hoists & Pulleys_Winches"
",Winches, Hoists & Pulleys_Winches"
",Winches, Hoists & Pulleys_Winches"
",Winches, Hoists & Pulleys_Winches"
",Winches, Hoists & Pulleys_Winches"
",Winches, Hoists & Pulleys_Winches"
",Winches, Hoists & Pulleys_Winches"
",Winches, Hoists & Pulleys_Winches"
",Winches, Hoists & Pulleys_Winches"
",Winches, Hoists & Pulleys_Winches"
",Winches, Hoists & Pulleys_Winches"
",Winches, Hoists & Pulleys_Winches"
",Winches, Hoists & Pulleys_Winches"
",Winches, Hoists & Pulleys_Winches"
",Winches, Hoists & Pulleys_Winches"
",Winches, Hoists & Pulleys_Winches"
",Winches, Hoists & Pulleys_Winches"
",Winches, Hoists & Pulleys_Winches"
",Winches, Hoists & Pulleys_Winches"
",Winches, Hoists & Pulleys_Winches"
",Winches, Hoists & Pulleys_Pulleys_Flat Belt Pulleys"
",Winches, Hoists & Pulleys_Pulleys_Flat Belt Pulleys"
",Winches, Hoists & Pulleys_Pulleys_Flat Belt Pulleys"
",Winches, Hoists & Pulleys_Pulleys_Flat Belt Pulleys"
",Winches, Hoists & Pulleys_Pulleys_Flat Belt Pulleys"
",Winches, Hoists & Pulleys_Pulleys_Flat Belt Pulleys"
",Winches, Hoists & Pulleys_Pulleys_Flat Belt Pulleys"
",Winches, Hoists & Pulleys_Pulleys_Flat Belt Pulleys"
",Winches, Hoists & Pulleys_Pulleys_Flat Belt Pulleys"
",Winches, Hoists & Pulleys_Pulleys_Flat Belt Pulleys"
",Winches, Hoists & Pulleys_Pulleys_Flat Belt Pulleys"
",Winches, Hoists & Pulleys_Pulleys_Flat Belt Pulleys"
",Winches, Hoists & Pulleys_Pulleys_Flat Belt Pulleys"
",Winches, Hoists & Pulleys_Pulleys_Flat Belt Pulleys"
",Winches, Hoists & Pulleys_Pulleys_Flat Belt Pulleys"
",Winches, Hoists & Pulleys_Pulleys_Flat Belt Pulleys"
",Winches, Hoists & Pulleys_Pulleys_Flat Belt Pulleys"
",Winches, Hoists & Pulleys_Pulleys_Flat Belt Pulleys"
",Winches, Hoists & Pulleys_Pulleys_Flat Belt Pulleys"
",Winches, Hoists & Pulleys_Pulleys_Flat Belt Pulleys"
",Winches, Hoists & Pulleys_Pulleys_Flat Belt Pulleys"
",Winches, Hoists & Pulleys_Pulleys_Flat Belt Pulleys"
",Winches, Hoists & Pulleys_Pulleys_Flat Belt Pulleys"
",Winches, Hoists & Pulleys_Pulleys_Flat Belt Pulleys"
",Raw Building Materials_Construction Boards"
",Raw Building Materials_Construction Boards"
",Raw Building Materials_Construction Boards"
",Raw Building Materials_Construction Boards"
",Raw Building Materials_Construction Boards"
",Raw Building Materials_Construction Boards"
",Raw Building Materials_Construction Boards"
",Raw Building Materials_Construction Boards"
",Raw Building Materials_Construction Boards"
",Raw Building Materials_Construction Boards"
",Raw Building Materials_Construction Boards"
",Raw Building Materials_Construction Boards"
",Raw Building Materials_Construction Boards"
",Raw Building Materials_Construction Boards"
",Raw Building Materials_Construction Boards"
",Raw Building Materials_Construction Boards"
",Raw Building Materials_Construction Boards"
",Raw Building Materials_Construction Boards"
",Raw Building Materials_Construction Boards"
",Raw Building Materials_Construction Boards"
",Raw Building Materials_Construction Boards"
",Raw Building Materials_Construction Boards"
",Raw Building Materials_Construction Boards"
",Raw Building Materials_Construction Boards"
",Raw Building Materials_Construction Boards"
",Doors_Interior & Closet Doors_Slab Doors"
",Doors_Garage Doors, Openers & Parts_Opener Systems"
",Doors_Garage Doors, Openers & Parts_Opener Systems"
",Doors_Garage Doors, Openers & Parts_Opener Systems"
",Doors_Garage Doors, Openers & Parts_Opener Systems"
",Doors_Garage Doors, Openers & Parts_Opener Systems"
",Doors_Garage Doors, Openers & Parts_Opener Systems"
",Doors_Garage Doors, Openers & Parts_Opener Systems"
",Doors_Garage Doors, Openers & Parts_Opener Systems"
",Doors_Garage Doors, Openers & Parts_Opener Systems"
",Doors_Garage Doors, Openers & Parts_Opener Systems"
",Doors_Garage Doors, Openers & Parts_Opener Systems"
",Doors_Garage Doors, Openers & Parts_Opener Systems"
",Doors_Garage Doors, Openers & Parts_Opener Systems"
",Doors_Garage Doors, Openers & Parts_Opener Systems"
",Doors_Garage Doors, Openers & Parts_Opener Systems"
",Doors_Garage Doors, Openers & Parts_Opener Systems"
",Doors_Garage Doors, Openers & Parts_Opener Systems"
",Doors_Garage Doors, Openers & Parts_Opener Systems"
",Doors_Garage Doors, Openers & Parts_Opener Systems"
",Doors_Garage Doors, Openers & Parts_Opener Systems"
",Doors_Garage Doors, Openers & Parts_Opener Systems"
",Doors_Garage Doors, Openers & Parts_Opener Systems"
",Doors_Garage Doors, Openers & Parts_Opener Systems"
",Doors_Garage Doors, Openers & Parts_Opener Systems"
",Doors_Garage Doors, Openers & Parts_Opener Systems"
",Doors_Garage Doors, Openers & Parts_Opener Systems"
",Drywall Lifts"
",Drywall Lifts"
",Drywall Lifts"
",Drywall Lifts"
",Drywall Lifts"
",Drywall Lifts"
",Drywall Lifts"
",Drywall Lifts"
",Drywall Lifts"
",Drywall Lifts"
",Drywall Lifts"
",Drywall Lifts"
",Drywall Lifts"
",Drywall Lifts"
",Drywall Lifts"
",Drywall Lifts"
",Drywall Lifts"
",Drywall Lifts"
",Drywall Lifts"
",Drywall Lifts"
",Drywall Lifts"
",Drywall Lifts"
",Drywall Lifts"
",Drywall Lifts"
",Drywall Lifts"
",Drywall Lifts"
",Drywall Lifts"
",Drywall Lifts"
",Drywall Lifts"
",Drywall Lifts"
",Windows_Sliding Windows"
",Windows_Sliding Windows"
",Windows_Sliding Windows"
",Windows_Sliding Windows"
",Windows_Sliding Windows"
",Windows_Sliding Windows"
",Windows_Sliding Windows"
",Windows_Sliding Windows"
",Windows_Sliding Windows"
",Windows_Sliding Windows"
",Windows_Sliding Windows"
",Windows_Sliding Windows"
",Windows_Sliding Windows"
",Windows_Sliding Windows"
",Windows_Sliding Windows"
",Windows_Sliding Windows"
",Windows_Sliding Windows"
",Windows_Sliding Windows"
",Windows_Sliding Windows"
",Windows_Sliding Windows"
",Windows_Sliding Windows"
",Windows_Sliding Windows"
",Windows_Sliding Windows"
",Windows_Sliding Windows"
",Windows_Sliding Windows"
",Windows_Sliding Windows"
",Windows_Sliding Windows"
",Decking & Fencing_Materials_Hardware Cloth"
",Decking & Fencing_Materials_Hardware Cloth"
",Decking & Fencing_Materials_Hardware Cloth"
",Decking & Fencing_Materials_Hardware Cloth"
",Decking & Fencing_Materials_Hardware Cloth"
",Decking & Fencing_Materials_Hardware Cloth"
",Decking & Fencing_Materials_Hardware Cloth"
",Decking & Fencing_Materials_Hardware Cloth"
",Decking & Fencing_Materials_Hardware Cloth"
",Decking & Fencing_Materials_Hardware Cloth"
",Decking & Fencing_Materials_Hardware Cloth"
",Decking & Fencing_Materials_Hardware Cloth"
",Decking & Fencing_Materials_Hardware Cloth"
",Decking & Fencing_Materials_Hardware Cloth"
",Decking & Fencing_Materials_Hardware Cloth"
",Decking & Fencing_Materials_Hardware Cloth"
",Decking & Fencing_Materials_Hardware Cloth"
",Decking & Fencing_Materials_Hardware Cloth"
",Decking & Fencing_Materials_Hardware Cloth"
",Decking & Fencing_Materials_Hardware Cloth"
",Decking & Fencing_Materials_Hardware Cloth"
",Decking & Fencing_Materials_Hardware Cloth"
",Decking & Fencing_Materials_Hardware Cloth"
",Decking & Fencing_Materials_Hardware Cloth"
",Decking & Fencing_Materials_Hardware Cloth"
",Decking & Fencing_Materials_Hardware Cloth"
",Decking & Fencing_Materials_Hardware Cloth"
",Decking & Fencing_Materials_Hardware Cloth"
",Flooring_Accessories_Leveling Compounds"
",Flooring_Accessories_Leveling Compounds"
",Flooring_Accessories_Leveling Compounds"
",Flooring_Accessories_Leveling Compounds"
",Flooring_Accessories_Leveling Compounds"
",Flooring_Accessories_Leveling Compounds"
",Flooring_Accessories_Leveling Compounds"
",Flooring_Accessories_Leveling Compounds"
",Flooring_Accessories_Leveling Compounds"
",Flooring_Accessories_Leveling Compounds"
",Flooring_Accessories_Leveling Compounds"
",Flooring_Accessories_Leveling Compounds"
",Flooring_Accessories_Leveling Compounds"
",Flooring_Accessories_Leveling Compounds"
",Flooring_Accessories_Leveling Compounds"
",Flooring_Accessories_Leveling Compounds"
",Flooring_Accessories_Leveling Compounds"
",Flooring_Accessories_Leveling Compounds"
",Flooring_Accessories_Leveling Compounds"
",Flooring_Accessories_Leveling Compounds"
",Flooring_Accessories_Leveling Compounds"
",Flooring_Accessories_Leveling Compounds"
",Flooring_Accessories_Leveling Compounds"
",Flooring_Accessories_Leveling Compounds"
",Flooring_Accessories_Leveling Compounds"
",Flooring_Accessories_Leveling Compounds"
",Flooring_Accessories_Leveling Compounds"
",Flooring_Accessories_Leveling Compounds"
",Flooring_Accessories_Leveling Compounds"
",Flooring_Accessories_Leveling Compounds"
",Flooring_Accessories_Leveling Compounds"
",Flooring_Accessories_Leveling Compounds"
",Raw Building Materials_Glass_Plate Glass"
",Raw Building Materials_Glass_Plate Glass"
",Raw Building Materials_Glass_Plate Glass"
",Raw Building Materials_Glass_Plate Glass"
",Raw Building Materials_Glass_Plate Glass"
",Raw Building Materials_Glass_Plate Glass"
",Raw Building Materials_Glass_Plate Glass"
",Raw Building Materials_Glass_Plate Glass"
",Raw Building Materials_Glass_Plate Glass"
",Raw Building Materials_Glass_Plate Glass"
",Raw Building Materials_Glass_Plate Glass"
",Raw Building Materials_Glass_Plate Glass"
",Raw Building Materials_Glass_Plate Glass"
",Raw Building Materials_Glass_Plate Glass"
",Raw Building Materials_Glass_Plate Glass"
",Raw Building Materials_Glass_Plate Glass"
",Raw Building Materials_Glass_Plate Glass"
",Raw Building Materials_Glass_Plate Glass"
",Raw Building Materials_Veneers"
",Raw Building Materials_Veneers"
",Raw Building Materials_Veneers"
",Raw Building Materials_Veneers"
",Raw Building Materials_Veneers"
",Raw Building Materials_Veneers"
",Raw Building Materials_Veneers"
",Raw Building Materials_Veneers"
",Raw Building Materials_Veneers"
",Raw Building Materials_Veneers"
",Raw Building Materials_Veneers"
",Raw Building Materials_Veneers"
",Raw Building Materials_Veneers"
",Raw Building Materials_Veneers"
",Raw Building Materials_Veneers"
",Raw Building Materials_Veneers"
",Raw Building Materials_Veneers"
",Raw Building Materials_Veneers"
",Raw Building Materials_Veneers"
",Raw Building Materials_Veneers"
",Raw Building Materials_Veneers"
",Raw Building Materials_Veneers"
",Raw Building Materials_Veneers"
",Raw Building Materials_Veneers"
",Raw Building Materials_Veneers"
",Raw Building Materials_Veneers"
",Raw Building Materials_Veneers"
",Raw Building Materials_Veneers"
",Raw Building Materials_Veneers"
",Raw Building Materials_Veneers"
",Flooring_Flooring Materials_Wood Laminate Flooring"
",Flooring_Flooring Materials_Wood Laminate Flooring"
",Flooring_Flooring Materials_Wood Laminate Flooring"
",Flooring_Flooring Materials_Wood Laminate Flooring"
",Flooring_Flooring Materials_Wood Laminate Flooring"
",Flooring_Flooring Materials_Wood Laminate Flooring"
",Flooring_Flooring Materials_Wood Laminate Flooring"
",Flooring_Flooring Materials_Wood Laminate Flooring"
",Flooring_Flooring Materials_Wood Laminate Flooring"
",Flooring_Flooring Materials_Wood Laminate Flooring"
",Flooring_Flooring Materials_Wood Laminate Flooring"
",Flooring_Flooring Materials_Wood Laminate Flooring"
",Flooring_Flooring Materials_Wood Laminate Flooring"
",Flooring_Flooring Materials_Wood Laminate Flooring"
",Flooring_Flooring Materials_Wood Laminate Flooring"
",Flooring_Flooring Materials_Wood Laminate Flooring"
",Flooring_Flooring Materials_Wood Laminate Flooring"
",Flooring_Flooring Materials_Wood Laminate Flooring"
",Flooring_Flooring Materials_Wood Laminate Flooring"
",Flooring_Flooring Materials_Wood Laminate Flooring"
",Flooring_Flooring Materials_Wood Laminate Flooring"
",Flooring_Flooring Materials_Wood Laminate Flooring"
",Flooring_Flooring Materials_Wood Laminate Flooring"
",Flooring_Flooring Materials_Wood Laminate Flooring"
",Decking & Fencing_Hardware_Decking Screws"
",Decking & Fencing_Hardware_Decking Screws"
",Decking & Fencing_Hardware_Decking Screws"
",Decking & Fencing_Hardware_Decking Screws"
",Decking & Fencing_Hardware_Decking Screws"
",Decking & Fencing_Hardware_Decking Screws"
",Decking & Fencing_Hardware_Decking Screws"
",Decking & Fencing_Hardware_Decking Screws"
",Decking & Fencing_Hardware_Decking Screws"
",Decking & Fencing_Hardware_Decking Screws"
",Decking & Fencing_Hardware_Decking Screws"
",Decking & Fencing_Hardware_Decking Screws"
",Decking & Fencing_Hardware_Decking Screws"
",Decking & Fencing_Hardware_Decking Screws"
",Decking & Fencing_Hardware_Decking Screws"
",Decking & Fencing_Hardware_Decking Screws"
",Decking & Fencing_Hardware_Decking Screws"
",Decking & Fencing_Hardware_Decking Screws"
",Decking & Fencing_Hardware_Decking Screws"
",Decking & Fencing_Hardware_Decking Screws"
",Decking & Fencing_Hardware_Decking Screws"
",Decking & Fencing_Hardware_Decking Screws"
",Decking & Fencing_Hardware_Decking Screws"
",Decking & Fencing_Hardware_Decking Screws"
",Decking & Fencing_Hardware_Decking Screws"
",Stair Parts_Brackets"
",Stair Parts_Brackets"
",Stair Parts_Brackets"
",Stair Parts_Brackets"
",Stair Parts_Brackets"
",Stair Parts_Brackets"
",Stair Parts_Brackets"
",Stair Parts_Brackets"
",Stair Parts_Brackets"
",Stair Parts_Brackets"
",Stair Parts_Brackets"
",Stair Parts_Brackets"
",Stair Parts_Brackets"
",Stair Parts_Brackets"
",Stair Parts_Brackets"
",Stair Parts_Brackets"
",Stair Parts_Brackets"
",Stair Parts_Brackets"
",Stair Parts_Brackets"
",Stair Parts_Brackets"
",Stair Parts_Brackets"
",Stair Parts_Brackets"
",Stair Parts_Brackets"
",Stair Parts_Brackets"
",Stair Parts_Brackets"
",Stair Parts_Brackets"
",Stair Parts_Brackets"
",Stair Parts_Brackets"
",Stair Parts_Brackets"
",Stair Parts_Brackets"
",Stair Parts_Brackets"
",Stair Parts_Brackets"
",Stair Parts_Brackets"
",Built-in Cabinetry"
",Built-in Cabinetry"
",Built-in Cabinetry"
",Built-in Cabinetry"
",Built-in Cabinetry"
",Built-in Cabinetry"
",Built-in Cabinetry"
",Built-in Cabinetry"
",Built-in Cabinetry"
",Built-in Cabinetry"
",Built-in Cabinetry"
",Built-in Cabinetry"
",Built-in Cabinetry"
",Built-in Cabinetry"
",Built-in Cabinetry"
",Built-in Cabinetry"
",Built-in Cabinetry"
",Built-in Cabinetry"
",Built-in Cabinetry"
",Built-in Cabinetry"
",Built-in Cabinetry"
",Built-in Cabinetry"
",Built-in Cabinetry"
",Built-in Cabinetry"
",Windows_Casement Windows"
",Windows_Casement Windows"
",Windows_Casement Windows"
",Windows_Casement Windows"
",Windows_Casement Windows"
",Windows_Casement Windows"
",Jacks & Accessories_Pump Jacks"
",Jacks & Accessories_Pump Jacks"
",Jacks & Accessories_Pump Jacks"
",Jacks & Accessories_Pump Jacks"
",Jacks & Accessories_Pump Jacks"
",Jacks & Accessories_Pump Jacks"
",Jacks & Accessories_Pump Jacks"
",Jacks & Accessories_Pump Jacks"
",Jacks & Accessories_Pump Jacks"
",Jacks & Accessories_Pump Jacks"
",Jacks & Accessories_Pump Jacks"
",Jacks & Accessories_Pump Jacks"
",Stair Parts_Rods"
",Stair Parts_Rods"
",Stair Parts_Rods"
",Stair Parts_Rods"
",Stair Parts_Rods"
",Stair Parts_Rods"
",Stair Parts_Rods"
",Stair Parts_Rods"
",Stair Parts_Rods"
",Stair Parts_Rods"
",Stair Parts_Rods"
",Doors_Exterior Doors_Entry Doors"
",Doors_Exterior Doors_Entry Doors"
",Doors_Exterior Doors_Entry Doors"
",Doors_Exterior Doors_Entry Doors"
",Doors_Exterior Doors_Entry Doors"
",Doors_Exterior Doors_Entry Doors"
",Doors_Exterior Doors_Entry Doors"
",Doors_Exterior Doors_Entry Doors"
",Doors_Exterior Doors_Entry Doors"
",Doors_Exterior Doors_Entry Doors"
",Doors_Exterior Doors_Entry Doors"
",Doors_Exterior Doors_Entry Doors"
",Doors_Exterior Doors_Entry Doors"
",Doors_Exterior Doors_Entry Doors"
",Doors_Exterior Doors_Entry Doors"
",Doors_Exterior Doors_Entry Doors"
",Decking & Fencing_Hardware_Decking Nails"
",Decking & Fencing_Hardware_Decking Nails"
",Decking & Fencing_Hardware_Decking Nails"
",Decking & Fencing_Hardware_Decking Nails"
",Decking & Fencing_Hardware_Decking Nails"
",Decking & Fencing_Hardware_Decking Nails"
",Decking & Fencing_Hardware_Decking Nails"
",Decking & Fencing_Hardware_Decking Nails"
",Decking & Fencing_Hardware_Decking Nails"
",Decking & Fencing_Hardware_Decking Nails"
",Decking & Fencing_Hardware_Decking Nails"
",Decking & Fencing_Hardware_Decking Nails"
",Decking & Fencing_Hardware_Decking Nails"
",Decking & Fencing_Hardware_Decking Nails"
",Decking & Fencing_Hardware_Decking Nails"
",Decking & Fencing_Hardware_Decking Nails"
",Decking & Fencing_Hardware_Decking Nails"
",Decking & Fencing_Hardware_Decking Nails"
",Decking & Fencing_Hardware_Decking Nails"
",Decking & Fencing_Hardware_Decking Nails"
",Decking & Fencing_Hardware_Decking Nails"
",Decking & Fencing_Hardware_Decking Nails"
",Decking & Fencing_Hardware_Decking Nails"
",Decking & Fencing_Hardware_Decking Nails"
",Decking & Fencing_Hardware_Decking Nails"
",Decking & Fencing_Hardware_Decking Nails"
",Decking & Fencing_Hardware_Decking Nails"
",Decking & Fencing_Hardware_Decking Nails"
",Decking & Fencing_Materials_Decking"
",Decking & Fencing_Materials_Decking"
",Decking & Fencing_Materials_Decking"
",Decking & Fencing_Materials_Decking"
",Decking & Fencing_Materials_Decking"
",Decking & Fencing_Materials_Decking"
",Decking & Fencing_Materials_Decking"
",Decking & Fencing_Materials_Decking"
",Decking & Fencing_Materials_Decking"
",Decking & Fencing_Materials_Decking"
",Decking & Fencing_Materials_Decking"
",Decking & Fencing_Materials_Decking"
",Decking & Fencing_Materials_Decking"
",Decking & Fencing_Materials_Decking"
",Decking & Fencing_Materials_Decking"
",Decking & Fencing_Materials_Decking"
",Decking & Fencing_Materials_Decking"
",Decking & Fencing_Materials_Decking"
",Decking & Fencing_Materials_Decking"
",Decking & Fencing_Materials_Decking"
",Decking & Fencing_Materials_Decking"
",Decking & Fencing_Materials_Decking"
",Decking & Fencing_Materials_Decking"
",Decking & Fencing_Materials_Decking"
",Decking & Fencing_Materials_Decking"
",Decking & Fencing_Materials_Decking"
",Windows_Double Hung Windows"
",Flooring_Flooring Materials_Bamboo Flooring"
",Decking & Fencing_Railings & Pickets_Weatherproofing"
",Decking & Fencing_Railings & Pickets_Weatherproofing"
",Decking & Fencing_Railings & Pickets_Weatherproofing"
",Decking & Fencing_Railings & Pickets_Weatherproofing"
",Decking & Fencing_Railings & Pickets_Weatherproofing"
",Decking & Fencing_Railings & Pickets_Weatherproofing"
",Decking & Fencing_Railings & Pickets_Weatherproofing"
",Decking & Fencing_Railings & Pickets_Weatherproofing"
",Decking & Fencing_Railings & Pickets_Weatherproofing"
",Decking & Fencing_Railings & Pickets_Weatherproofing"
",Decking & Fencing_Railings & Pickets_Weatherproofing"
",Decking & Fencing_Railings & Pickets_Weatherproofing"
",Decking & Fencing_Railings & Pickets_Weatherproofing"
",Decking & Fencing_Railings & Pickets_Weatherproofing"
",Decking & Fencing_Railings & Pickets_Weatherproofing"
",Decking & Fencing_Railings & Pickets_Weatherproofing"
",Decking & Fencing_Railings & Pickets_Weatherproofing"
",Decking & Fencing_Railings & Pickets_Weatherproofing"
",Decking & Fencing_Railings & Pickets_Weatherproofing"
",Decking & Fencing_Railings & Pickets_Weatherproofing"
",Decking & Fencing_Railings & Pickets_Weatherproofing"
",Decking & Fencing_Railings & Pickets_Weatherproofing"
",Decking & Fencing_Railings & Pickets_Weatherproofing"
",Decking & Fencing_Railings & Pickets_Weatherproofing"
",Decking & Fencing_Railings & Pickets_Weatherproofing"
",Decking & Fencing_Railings & Pickets_Weatherproofing"
",Flooring_Accessories_Adhesive Remover"
",Flooring_Accessories_Adhesive Remover"
",Flooring_Accessories_Adhesive Remover"
",Flooring_Accessories_Adhesive Remover"
",Flooring_Accessories_Adhesive Remover"
",Flooring_Accessories_Adhesive Remover"
",Flooring_Accessories_Adhesive Remover"
",Flooring_Accessories_Adhesive Remover"
",Flooring_Accessories_Adhesive Remover"
",Flooring_Accessories_Adhesive Remover"
",Flooring_Accessories_Adhesive Remover"
",Flooring_Accessories_Adhesive Remover"
",Flooring_Accessories_Adhesive Remover"
",Flooring_Accessories_Adhesive Remover"
",Flooring_Accessories_Adhesive Remover"
",Flooring_Accessories_Adhesive Remover"
",Flooring_Accessories_Adhesive Remover"
",Flooring_Accessories_Adhesive Remover"
",Flooring_Accessories_Adhesive Remover"
",Flooring_Accessories_Adhesive Remover"
",Flooring_Accessories_Adhesive Remover"
",Flooring_Accessories_Adhesive Remover"
",Flooring_Accessories_Adhesive Remover"
",Flooring_Accessories_Adhesive Remover"
",Flooring_Accessories_Adhesive Remover"
",Flooring_Accessories_Adhesive Remover"
",Flooring_Accessories_Adhesive Remover"
",Flooring_Accessories_Adhesive Remover"
",Flooring_Accessories_Adhesive Remover"
",Roofing_Gutters & Accessories_Downspouts"
",Roofing_Gutters & Accessories_Downspouts"
",Roofing_Gutters & Accessories_Downspouts"
",Roofing_Gutters & Accessories_Downspouts"
",Roofing_Gutters & Accessories_Downspouts"
",Roofing_Gutters & Accessories_Downspouts"
",Roofing_Gutters & Accessories_Downspouts"
",Roofing_Gutters & Accessories_Downspouts"
",Roofing_Gutters & Accessories_Downspouts"
",Roofing_Gutters & Accessories_Downspouts"
",Roofing_Gutters & Accessories_Downspouts"
",Roofing_Gutters & Accessories_Downspouts"
",Roofing_Gutters & Accessories_Downspouts"
",Roofing_Gutters & Accessories_Downspouts"
",Roofing_Gutters & Accessories_Downspouts"
",Roofing_Gutters & Accessories_Downspouts"
",Roofing_Gutters & Accessories_Downspouts"
",Roofing_Gutters & Accessories_Downspouts"
",Roofing_Gutters & Accessories_Downspouts"
",Roofing_Gutters & Accessories_Downspouts"
",Roofing_Gutters & Accessories_Downspouts"
",Roofing_Gutters & Accessories_Downspouts"
",Roofing_Gutters & Accessories_Downspouts"
",Roofing_Gutters & Accessories_Downspouts"
",Roofing_Gutters & Accessories_Downspouts"
",Roofing_Gutters & Accessories_Downspouts"
",Roofing_Gutters & Accessories_Downspouts"
",Millwork_Columns"
",Millwork_Columns"
",Millwork_Columns"
",Millwork_Columns"
",Millwork_Columns"
",Millwork_Columns"
",Millwork_Columns"
",Millwork_Columns"
",Millwork_Columns"
",Millwork_Columns"
",Millwork_Columns"
",Millwork_Columns"
",Millwork_Columns"
",Millwork_Columns"
",Millwork_Columns"
",Millwork_Columns"
",Millwork_Columns"
",Millwork_Columns"
",Millwork_Columns"
",Millwork_Columns"
",Millwork_Columns"
",Millwork_Columns"
",Millwork_Columns"
",Millwork_Columns"
",Flooring_Accessories_Acid Cleaners"
",Flooring_Accessories_Acid Cleaners"
",Flooring_Accessories_Acid Cleaners"
",Flooring_Accessories_Acid Cleaners"
",Flooring_Accessories_Acid Cleaners"
",Flooring_Accessories_Acid Cleaners"
",Flooring_Accessories_Acid Cleaners"
",Flooring_Accessories_Acid Cleaners"
",Weatherproofing_Pipe Coverings"
",Weatherproofing_Pipe Coverings"
",Weatherproofing_Pipe Coverings"
",Weatherproofing_Pipe Coverings"
",Weatherproofing_Pipe Coverings"
",Weatherproofing_Pipe Coverings"
",Weatherproofing_Pipe Coverings"
",Weatherproofing_Pipe Coverings"
",Weatherproofing_Pipe Coverings"
",Weatherproofing_Pipe Coverings"
",Weatherproofing_Pipe Coverings"
",Weatherproofing_Pipe Coverings"
",Weatherproofing_Pipe Coverings"
",Weatherproofing_Pipe Coverings"
",Weatherproofing_Pipe Coverings"
",Weatherproofing_Pipe Coverings"
",Weatherproofing_Pipe Coverings"
",Weatherproofing_Pipe Coverings"
",Weatherproofing_Pipe Coverings"
",Weatherproofing_Pipe Coverings"
",Weatherproofing_Pipe Coverings"
",Weatherproofing_Pipe Coverings"
",Flooring_Accessories_Grout"
",Flooring_Accessories_Grout"
",Flooring_Accessories_Grout"
",Flooring_Accessories_Grout"
",Flooring_Accessories_Grout"
",Flooring_Accessories_Grout"
",Flooring_Accessories_Grout"
",Flooring_Accessories_Grout"
",Flooring_Accessories_Grout"
",Flooring_Accessories_Grout"
",Flooring_Accessories_Grout"
",Flooring_Accessories_Grout"
",Flooring_Accessories_Grout"
",Flooring_Accessories_Grout"
",Flooring_Accessories_Grout"
",Flooring_Accessories_Grout"
",Flooring_Accessories_Grout"
",Flooring_Accessories_Grout"
",Flooring_Accessories_Grout"
",Flooring_Accessories_Grout"
",Flooring_Accessories_Grout"
",Flooring_Accessories_Grout"
",Flooring_Accessories_Grout"
",Flooring_Accessories_Grout"
",Flooring_Accessories_Grout"
",Flooring_Accessories_Grout"
",Flooring_Accessories_Grout"
",Lifting Cranes_Winch"
",Raw Building Materials_Siding"
",Raw Building Materials_Siding"
",Raw Building Materials_Siding"
",Raw Building Materials_Siding"
",Raw Building Materials_Siding"
",Raw Building Materials_Siding"
",Raw Building Materials_Siding"
",Raw Building Materials_Siding"
",Raw Building Materials_Siding"
",Raw Building Materials_Siding"
",Raw Building Materials_Siding"
",Raw Building Materials_Siding"
",Raw Building Materials_Siding"
",Raw Building Materials_Siding"
",Raw Building Materials_Siding"
",Raw Building Materials_Siding"
",Raw Building Materials_Siding"
",Raw Building Materials_Siding"
",Raw Building Materials_Siding"
",Raw Building Materials_Siding"
",Raw Building Materials_Siding"
",Raw Building Materials_Siding"
",Raw Building Materials_Siding"
",Raw Building Materials_Siding"
",Raw Building Materials_Siding"
",Raw Building Materials_Siding"
",Raw Building Materials_Siding"
",Raw Building Materials_Siding"
",Weatherproofing_Weather Stripping"
",Weatherproofing_Weather Stripping"
",Weatherproofing_Weather Stripping"
",Weatherproofing_Weather Stripping"
",Weatherproofing_Weather Stripping"
",Weatherproofing_Weather Stripping"
",Weatherproofing_Weather Stripping"
",Weatherproofing_Weather Stripping"
",Weatherproofing_Weather Stripping"
",Weatherproofing_Weather Stripping"
",Weatherproofing_Weather Stripping"
",Weatherproofing_Weather Stripping"
",Weatherproofing_Weather Stripping"
",Weatherproofing_Weather Stripping"
",Weatherproofing_Weather Stripping"
",Weatherproofing_Weather Stripping"
",Weatherproofing_Weather Stripping"
",Weatherproofing_Weather Stripping"
",Weatherproofing_Weather Stripping"
",Weatherproofing_Weather Stripping"
",Weatherproofing_Weather Stripping"
",Weatherproofing_Weather Stripping"
",Weatherproofing_Weather Stripping"
",Weatherproofing_Weather Stripping"
",Weatherproofing_Weather Stripping"
",Weatherproofing_Weather Stripping"
",Weatherproofing_Weather Stripping"
",Weatherproofing_Weather Stripping"
",Weatherproofing_Weather Stripping"
",Weatherproofing_Weather Stripping"
",Weatherproofing_Weather Stripping"
",Windows_Exterior Window Shutters_Shutter Tops"
",Winches, Hoists & Pulleys_Pulleys_Round Belt Pulleys"
",Winches, Hoists & Pulleys_Pulleys_Round Belt Pulleys"
",Winches, Hoists & Pulleys_Pulleys_Round Belt Pulleys"
",Winches, Hoists & Pulleys_Pulleys_Round Belt Pulleys"
",Winches, Hoists & Pulleys_Pulleys_Round Belt Pulleys"
",Winches, Hoists & Pulleys_Pulleys_Round Belt Pulleys"
",Winches, Hoists & Pulleys_Pulleys_Round Belt Pulleys"
",Winches, Hoists & Pulleys_Pulleys_Round Belt Pulleys"
",Winches, Hoists & Pulleys_Pulleys_Round Belt Pulleys"
",Winches, Hoists & Pulleys_Pulleys_Round Belt Pulleys"
",Winches, Hoists & Pulleys_Pulleys_Round Belt Pulleys"
",Winches, Hoists & Pulleys_Pulleys_Round Belt Pulleys"
",Winches, Hoists & Pulleys_Pulleys_Round Belt Pulleys"
",Winches, Hoists & Pulleys_Pulleys_Round Belt Pulleys"
",Winches, Hoists & Pulleys_Pulleys_Round Belt Pulleys"
",Winches, Hoists & Pulleys_Pulleys_Round Belt Pulleys"
",Winches, Hoists & Pulleys_Pulleys_Round Belt Pulleys"
",Winches, Hoists & Pulleys_Pulleys_Round Belt Pulleys"
",Winches, Hoists & Pulleys_Pulleys_Round Belt Pulleys"
",Winches, Hoists & Pulleys_Pulleys_Round Belt Pulleys"
",Winches, Hoists & Pulleys_Pulleys_Round Belt Pulleys"
",Winches, Hoists & Pulleys_Pulleys_Round Belt Pulleys"
",Furnace Parts & Accessories_Heating Elements"
",Furnace Parts & Accessories_Heating Elements"
",Furnace Parts & Accessories_Heating Elements"
",Furnace Parts & Accessories_Heating Elements"
",Furnace Parts & Accessories_Heating Elements"
",Furnace Parts & Accessories_Heating Elements"
",Furnace Parts & Accessories_Heating Elements"
",Furnace Parts & Accessories_Heating Elements"
",Furnace Parts & Accessories_Heating Elements"
",Furnace Parts & Accessories_Heating Elements"
",Furnace Parts & Accessories_Heating Elements"
",Furnace Parts & Accessories_Heating Elements"
",Furnace Parts & Accessories_Heating Elements"
",Furnace Parts & Accessories_Heating Elements"
",Furnace Parts & Accessories_Heating Elements"
",Furnace Parts & Accessories_Heating Elements"
",Furnace Parts & Accessories_Heating Elements"
",Furnace Parts & Accessories_Heating Elements"
",Furnace Parts & Accessories_Heating Elements"
",Furnace Parts & Accessories_Heating Elements"
",Furnace Parts & Accessories_Heating Elements"
",Furnace Parts & Accessories_Heating Elements"
",Furnace Parts & Accessories_Heating Elements"
",Furnace Parts & Accessories_Heating Elements"
",Furnace Parts & Accessories_Heating Elements"
",Furnace Parts & Accessories_Heating Elements"
",Furnace Parts & Accessories_Heating Elements"
",Furnace Parts & Accessories_Heating Elements"
",Furnace Parts & Accessories_Heating Elements"
",Raw Building Materials_Rebar"
",Raw Building Materials_Rebar"
",Raw Building Materials_Rebar"
",Raw Building Materials_Rebar"
",Raw Building Materials_Rebar"
",Raw Building Materials_Rebar"
",Raw Building Materials_Rebar"
",Raw Building Materials_Rebar"
",Raw Building Materials_Rebar"
",Raw Building Materials_Rebar"
",Raw Building Materials_Rebar"
",Raw Building Materials_Rebar"
",Raw Building Materials_Rebar"
",Raw Building Materials_Rebar"
",Raw Building Materials_Rebar"
",Raw Building Materials_Rebar"
",Raw Building Materials_Rebar"
",Raw Building Materials_Rebar"
",Raw Building Materials_Rebar"
",Raw Building Materials_Rebar"
",Raw Building Materials_Rebar"
",Raw Building Materials_Rebar"
",Raw Building Materials_Rebar"
",Raw Building Materials_Rebar"
",Raw Building Materials_Rebar"
",Raw Building Materials_Rebar"
",Raw Building Materials_Rebar"
",Raw Building Materials_Rebar"
",Raw Building Materials_Rebar"
",Raw Building Materials_Rebar"
",Raw Building Materials_Rebar"
",Job Site Lighting"
",Job Site Lighting"
",Job Site Lighting"
",Job Site Lighting"
",Job Site Lighting"
",Job Site Lighting"
",Job Site Lighting"
",Job Site Lighting"
",Job Site Lighting"
",Job Site Lighting"
",Job Site Lighting"
",Job Site Lighting"
",Job Site Lighting"
",Job Site Lighting"
",Job Site Lighting"
",Job Site Lighting"
",Job Site Lighting"
",Job Site Lighting"
",Job Site Lighting"
",Job Site Lighting"
",Job Site Lighting"
",Job Site Lighting"
",Job Site Lighting"
",Job Site Lighting"
",Job Site Lighting"
",Job Site Lighting"
",Job Site Lighting"
",Job Site Lighting"
",Job Site Lighting"
",Job Site Lighting"
",Job Site Lighting"
",Jacks & Accessories_Tongue Jacks"
",Jacks & Accessories_Tongue Jacks"
",Jacks & Accessories_Tongue Jacks"
",Jacks & Accessories_Tongue Jacks"
",Jacks & Accessories_Tongue Jacks"
",Jacks & Accessories_Tongue Jacks"
",Jacks & Accessories_Tongue Jacks"
",Jacks & Accessories_Tongue Jacks"
",Jacks & Accessories_Tongue Jacks"
",Jacks & Accessories_Tongue Jacks"
",Jacks & Accessories_Tongue Jacks"
",Jacks & Accessories_Tongue Jacks"
",Jacks & Accessories_Tongue Jacks"
",Jacks & Accessories_Tongue Jacks"
",Tiles_Stone Tiles_Limestone Tiles"
",Tiles_Stone Tiles_Limestone Tiles"
",Tiles_Stone Tiles_Limestone Tiles"
",Jacks & Accessories_Floor Jacks"
",Jacks & Accessories_Floor Jacks"
",Jacks & Accessories_Floor Jacks"
",Jacks & Accessories_Floor Jacks"
",Jacks & Accessories_Floor Jacks"
",Jacks & Accessories_Floor Jacks"
",Jacks & Accessories_Floor Jacks"
",Jacks & Accessories_Floor Jacks"
",Jacks & Accessories_Floor Jacks"
",Jacks & Accessories_Floor Jacks"
",Jacks & Accessories_Floor Jacks"
",Jacks & Accessories_Floor Jacks"
",Jacks & Accessories_Floor Jacks"
",Jacks & Accessories_Floor Jacks"
",Jacks & Accessories_Floor Jacks"
",Jacks & Accessories_Floor Jacks"
",Jacks & Accessories_Floor Jacks"
",Jacks & Accessories_Floor Jacks"
",Jacks & Accessories_Floor Jacks"
",Jacks & Accessories_Floor Jacks"
",Jacks & Accessories_Floor Jacks"
",Jacks & Accessories_Floor Jacks"
",Jacks & Accessories_Floor Jacks"
",Jacks & Accessories_Floor Jacks"
",Jacks & Accessories_Floor Jacks"
",Jacks & Accessories_Floor Jacks"
",Jacks & Accessories_Floor Jacks"
",Roofing_Vents_Soffit Vents"
",Roofing_Vents_Soffit Vents"
",Roofing_Vents_Soffit Vents"
",Roofing_Vents_Soffit Vents"
",Roofing_Vents_Soffit Vents"
",Roofing_Vents_Soffit Vents"
",Roofing_Vents_Soffit Vents"
",Roofing_Vents_Soffit Vents"
",Roofing_Vents_Soffit Vents"
",Roofing_Vents_Soffit Vents"
",Roofing_Vents_Soffit Vents"
",Roofing_Vents_Soffit Vents"
",Roofing_Vents_Soffit Vents"
",Roofing_Vents_Soffit Vents"
",Roofing_Vents_Soffit Vents"
",Roofing_Vents_Soffit Vents"
",Roofing_Vents_Soffit Vents"
",Roofing_Vents_Soffit Vents"
",Roofing_Vents_Soffit Vents"
",Roofing_Vents_Soffit Vents"
",Roofing_Vents_Soffit Vents"
",Roofing_Vents_Soffit Vents"
",Roofing_Vents_Soffit Vents"
",Roofing_Vents_Soffit Vents"
",Roofing_Vents_Soffit Vents"
",Roofing_Vents_Soffit Vents"
",Roofing_Vents_Soffit Vents"
",Roofing_Vents_Soffit Vents"
",Roofing_Vents_Soffit Vents"
",Roofing_Vents_Soffit Vents"
",Roofing_Vents_Soffit Vents"
",Roofing_Vents_Soffit Vents"
",Roofing_Vents_Soffit Vents"
",Furnace Parts & Accessories_Motors"
",Furnace Parts & Accessories_Motors"
",Furnace Parts & Accessories_Motors"
",Furnace Parts & Accessories_Motors"
",Furnace Parts & Accessories_Motors"
",Furnace Parts & Accessories_Motors"
",Furnace Parts & Accessories_Motors"
",Furnace Parts & Accessories_Motors"
",Furnace Parts & Accessories_Motors"
",Furnace Parts & Accessories_Motors"
",Furnace Parts & Accessories_Motors"
",Furnace Parts & Accessories_Motors"
",Furnace Parts & Accessories_Motors"
",Furnace Parts & Accessories_Motors"
",Furnace Parts & Accessories_Motors"
",Furnace Parts & Accessories_Motors"
",Furnace Parts & Accessories_Motors"
",Furnace Parts & Accessories_Motors"
",Furnace Parts & Accessories_Motors"
",Furnace Parts & Accessories_Motors"
",Furnace Parts & Accessories_Motors"
",Furnace Parts & Accessories_Motors"
",Furnace Parts & Accessories_Motors"
",Furnace Parts & Accessories_Motors"
",Furnace Parts & Accessories_Motors"
",Furnace Parts & Accessories_Motors"
",Forklifts"
",Forklifts"
",Forklifts"
",Forklifts"
",Forklifts"
",Forklifts"
",Forklifts"
",Forklifts"
",Forklifts"
",Forklifts"
",Forklifts"
",Forklifts"
",Forklifts"
",Forklifts"
",Forklifts"
",Forklifts"
",Forklifts"
",Forklifts"
",Forklifts"
",Forklifts"
",Forklifts"
",Forklifts"
",Forklifts"
",Forklifts"
",Forklifts"
",Forklifts"
",Forklifts"
",Forklifts"
",Forklifts"
",Decking & Fencing_Gates"
",Decking & Fencing_Gates"
",Decking & Fencing_Gates"
",Decking & Fencing_Gates"
",Decking & Fencing_Gates"
",Decking & Fencing_Gates"
",Decking & Fencing_Gates"
",Decking & Fencing_Gates"
",Decking & Fencing_Gates"
",Decking & Fencing_Gates"
",Decking & Fencing_Gates"
",Decking & Fencing_Gates"
",Decking & Fencing_Gates"
",Decking & Fencing_Gates"
",Decking & Fencing_Gates"
",Decking & Fencing_Gates"
",Decking & Fencing_Gates"
",Decking & Fencing_Gates"
",Decking & Fencing_Gates"
",Decking & Fencing_Gates"
",Decking & Fencing_Gates"
",Decking & Fencing_Gates"
",Decking & Fencing_Gates"
",Decking & Fencing_Gates"
",Decking & Fencing_Gates"
",Decking & Fencing_Gates"
",Decking & Fencing_Gates"
",Decking & Fencing_Gates"
",Decking & Fencing_Gates"
",Furnace Parts & Accessories_Relays"
",Furnace Parts & Accessories_Relays"
",Furnace Parts & Accessories_Relays"
",Furnace Parts & Accessories_Relays"
",Furnace Parts & Accessories_Relays"
",Furnace Parts & Accessories_Relays"
",Furnace Parts & Accessories_Relays"
",Furnace Parts & Accessories_Relays"
",Furnace Parts & Accessories_Relays"
",Furnace Parts & Accessories_Relays"
",Furnace Parts & Accessories_Relays"
",Furnace Parts & Accessories_Relays"
",Furnace Parts & Accessories_Relays"
",Furnace Parts & Accessories_Relays"
",Furnace Parts & Accessories_Relays"
",Furnace Parts & Accessories_Relays"
",Furnace Parts & Accessories_Relays"
",Furnace Parts & Accessories_Relays"
",Furnace Parts & Accessories_Relays"
",Furnace Parts & Accessories_Relays"
",Furnace Parts & Accessories_Relays"
",Furnace Parts & Accessories_Relays"
",Furnace Parts & Accessories_Relays"
",Furnace Parts & Accessories_Relays"
",Furnace Parts & Accessories_Relays"
",Furnace Parts & Accessories_Relays"
",Furnace Parts & Accessories_Relays"
",Furnace Parts & Accessories_Relays"
",Furnace Parts & Accessories_Relays"
",Furnace Parts & Accessories_Relays"
",Furnace Parts & Accessories_Relays"
",Furnace Parts & Accessories_Relays"
",Furnace Parts & Accessories_Relays"
",Roofing_Trusses"
",Roofing_Trusses"
",Roofing_Trusses"
",Roofing_Trusses"
",Roofing_Trusses"
",Roofing_Trusses"
",Roofing_Trusses"
",Roofing_Trusses"
",Roofing_Trusses"
",Roofing_Trusses"
",Roofing_Trusses"
",Roofing_Trusses"
",Windows_Window Awnings & Canopies"
",Windows_Window Awnings & Canopies"
",Windows_Window Awnings & Canopies"
",Windows_Window Awnings & Canopies"
",Windows_Window Awnings & Canopies"
",Windows_Window Awnings & Canopies"
",Windows_Window Awnings & Canopies"
",Windows_Window Awnings & Canopies"
",Windows_Window Awnings & Canopies"
",Windows_Window Awnings & Canopies"
",Windows_Window Awnings & Canopies"
",Windows_Window Awnings & Canopies"
",Windows_Window Awnings & Canopies"
",Windows_Window Awnings & Canopies"
",Windows_Window Awnings & Canopies"
",Stepstools"
",Stepstools"
",Stepstools"
",Stepstools"
",Stepstools"
",Stepstools"
",Stepstools"
",Stepstools"
",Stepstools"
",Stepstools"
",Stepstools"
",Stepstools"
",Stepstools"
",Stepstools"
",Stepstools"
",Stepstools"
",Stepstools"
",Stepstools"
",Stepstools"
",Stepstools"
",Stepstools"
",Stepstools"
",Stepstools"
",Stepstools"
",Stepstools"
",Stepstools"
",Stepstools"
",Stepstools"
",Stepstools"
",Stepstools"
",Stepstools"
",Furnace Parts & Accessories_Knobs"
",Furnace Parts & Accessories_Knobs"
",Furnace Parts & Accessories_Knobs"
",Furnace Parts & Accessories_Knobs"
",Furnace Parts & Accessories_Knobs"
",Furnace Parts & Accessories_Knobs"
",Furnace Parts & Accessories_Knobs"
",Furnace Parts & Accessories_Knobs"
",Furnace Parts & Accessories_Knobs"
",Furnace Parts & Accessories_Knobs"
",Furnace Parts & Accessories_Knobs"
",Furnace Parts & Accessories_Knobs"
",Furnace Parts & Accessories_Knobs"
",Furnace Parts & Accessories_Knobs"
",Furnace Parts & Accessories_Knobs"
",Furnace Parts & Accessories_Knobs"
",Furnace Parts & Accessories_Knobs"
",Furnace Parts & Accessories_Knobs"
",Furnace Parts & Accessories_Knobs"
",Furnace Parts & Accessories_Knobs"
",Furnace Parts & Accessories_Knobs"
",Furnace Parts & Accessories_Knobs"
",Furnace Parts & Accessories_Knobs"
",Lifting Cranes_Hydraulic"
",Lifting Cranes_Hydraulic"
",Flooring_Flooring Materials_Carpet & Carpet Tiles"
",Flooring_Flooring Materials_Carpet & Carpet Tiles"
",Flooring_Flooring Materials_Carpet & Carpet Tiles"
",Flooring_Flooring Materials_Carpet & Carpet Tiles"
",Flooring_Flooring Materials_Carpet & Carpet Tiles"
",Flooring_Flooring Materials_Carpet & Carpet Tiles"
",Flooring_Flooring Materials_Carpet & Carpet Tiles"
",Flooring_Flooring Materials_Carpet & Carpet Tiles"
",Flooring_Flooring Materials_Carpet & Carpet Tiles"
",Flooring_Flooring Materials_Carpet & Carpet Tiles"
",Flooring_Flooring Materials_Carpet & Carpet Tiles"
",Flooring_Flooring Materials_Carpet & Carpet Tiles"
",Flooring_Flooring Materials_Carpet & Carpet Tiles"
",Flooring_Flooring Materials_Carpet & Carpet Tiles"
",Flooring_Flooring Materials_Carpet & Carpet Tiles"
",Flooring_Flooring Materials_Carpet & Carpet Tiles"
",Flooring_Flooring Materials_Carpet & Carpet Tiles"
",Flooring_Flooring Materials_Carpet & Carpet Tiles"
",Flooring_Flooring Materials_Carpet & Carpet Tiles"
",Flooring_Flooring Materials_Carpet & Carpet Tiles"
",Flooring_Flooring Materials_Carpet & Carpet Tiles"
",Flooring_Flooring Materials_Carpet & Carpet Tiles"
",Flooring_Flooring Materials_Carpet & Carpet Tiles"
",Flooring_Flooring Materials_Carpet & Carpet Tiles"
",Flooring_Flooring Materials_Carpet & Carpet Tiles"
",Flooring_Flooring Materials_Carpet & Carpet Tiles"
",Flooring_Flooring Materials_Carpet & Carpet Tiles"
",Flooring_Flooring Materials_Carpet & Carpet Tiles"
",Flooring_Flooring Materials_Carpet & Carpet Tiles"
",Flooring_Flooring Materials_Carpet & Carpet Tiles"
",Flooring_Flooring Materials_Carpet & Carpet Tiles"
",Winches, Hoists & Pulleys_Winch Accessories_Remote Control Systems"
",Winches, Hoists & Pulleys_Winch Accessories_Remote Control Systems"
",Winches, Hoists & Pulleys_Winch Accessories_Remote Control Systems"
",Winches, Hoists & Pulleys_Winch Accessories_Remote Control Systems"
",Winches, Hoists & Pulleys_Winch Accessories_Remote Control Systems"
",Winches, Hoists & Pulleys_Winch Accessories_Remote Control Systems"
",Winches, Hoists & Pulleys_Winch Accessories_Remote Control Systems"
",Winches, Hoists & Pulleys_Winch Accessories_Remote Control Systems"
",Winches, Hoists & Pulleys_Winch Accessories_Remote Control Systems"
",Winches, Hoists & Pulleys_Winch Accessories_Remote Control Systems"
",Winches, Hoists & Pulleys_Winch Accessories_Remote Control Systems"
",Winches, Hoists & Pulleys_Winch Accessories_Remote Control Systems"
",Winches, Hoists & Pulleys_Winch Accessories_Remote Control Systems"
",Winches, Hoists & Pulleys_Winch Accessories_Remote Control Systems"
",Winches, Hoists & Pulleys_Winch Accessories_Remote Control Systems"
",Winches, Hoists & Pulleys_Winch Accessories_Remote Control Systems"
",Winches, Hoists & Pulleys_Winch Accessories_Remote Control Systems"
",Winches, Hoists & Pulleys_Winch Accessories_Remote Control Systems"
",Winches, Hoists & Pulleys_Winch Accessories_Remote Control Systems"
",Winches, Hoists & Pulleys_Winch Accessories_Remote Control Systems"
",Winches, Hoists & Pulleys_Winch Accessories_Remote Control Systems"
",Winches, Hoists & Pulleys_Winch Accessories_Remote Control Systems"
",Winches, Hoists & Pulleys_Winch Accessories_Remote Control Systems"
",Winches, Hoists & Pulleys_Winch Accessories_Remote Control Systems"
",Winches, Hoists & Pulleys_Winch Accessories_Remote Control Systems"
",Winches, Hoists & Pulleys_Winch Accessories_Remote Control Systems"
",Winches, Hoists & Pulleys_Winch Accessories_Remote Control Systems"
",Winches, Hoists & Pulleys_Winch Accessories_Remote Control Systems"
",Winches, Hoists & Pulleys_Winch Accessories_Remote Control Systems"
",Winches, Hoists & Pulleys_Winch Accessories_Remote Control Systems"
",Winches, Hoists & Pulleys_Winch Accessories_Remote Control Systems"
",Winches, Hoists & Pulleys_Winch Accessories_Choker Chains"
",Winches, Hoists & Pulleys_Winch Accessories_Choker Chains"
",Winches, Hoists & Pulleys_Winch Accessories_Choker Chains"
",Winches, Hoists & Pulleys_Winch Accessories_Choker Chains"
",Winches, Hoists & Pulleys_Winch Accessories_Choker Chains"
",Winches, Hoists & Pulleys_Winch Accessories_Choker Chains"
",Winches, Hoists & Pulleys_Winch Accessories_Choker Chains"
",Winches, Hoists & Pulleys_Winch Accessories_Choker Chains"
",Winches, Hoists & Pulleys_Winch Accessories_Choker Chains"
",Winches, Hoists & Pulleys_Winch Accessories_Choker Chains"
",Winches, Hoists & Pulleys_Winch Accessories_Choker Chains"
",Winches, Hoists & Pulleys_Winch Accessories_Choker Chains"
",Winches, Hoists & Pulleys_Winch Accessories_Choker Chains"
",Winches, Hoists & Pulleys_Winch Accessories_Choker Chains"
",Winches, Hoists & Pulleys_Winch Accessories_Choker Chains"
",Winches, Hoists & Pulleys_Winch Accessories_Choker Chains"
",Winches, Hoists & Pulleys_Winch Accessories_Choker Chains"
",Raw Building Materials_Mortar Mix"
",Raw Building Materials_Mortar Mix"
",Raw Building Materials_Mortar Mix"
",Raw Building Materials_Mortar Mix"
",Raw Building Materials_Mortar Mix"
",Raw Building Materials_Mortar Mix"
",Raw Building Materials_Mortar Mix"
",Raw Building Materials_Mortar Mix"
",Raw Building Materials_Mortar Mix"
",Flooring_Flooring Materials_Ceramic Floor Tile"
",Flooring_Flooring Materials_Ceramic Floor Tile"
",Flooring_Flooring Materials_Ceramic Floor Tile"
",Flooring_Flooring Materials_Ceramic Floor Tile"
",Flooring_Flooring Materials_Ceramic Floor Tile"
",Flooring_Flooring Materials_Ceramic Floor Tile"
",Flooring_Flooring Materials_Ceramic Floor Tile"
",Flooring_Flooring Materials_Ceramic Floor Tile"
",Flooring_Flooring Materials_Ceramic Floor Tile"
",Flooring_Flooring Materials_Ceramic Floor Tile"
",Flooring_Flooring Materials_Ceramic Floor Tile"
",Flooring_Flooring Materials_Ceramic Floor Tile"
",Flooring_Flooring Materials_Ceramic Floor Tile"
",Flooring_Flooring Materials_Ceramic Floor Tile"
",Flooring_Flooring Materials_Ceramic Floor Tile"
",Flooring_Flooring Materials_Ceramic Floor Tile"
",Flooring_Flooring Materials_Ceramic Floor Tile"
",Flooring_Flooring Materials_Ceramic Floor Tile"
",Flooring_Flooring Materials_Ceramic Floor Tile"
",Flooring_Flooring Materials_Ceramic Floor Tile"
",Flooring_Flooring Materials_Ceramic Floor Tile"
",Flooring_Flooring Materials_Ceramic Floor Tile"
",Flooring_Flooring Materials_Ceramic Floor Tile"
",Flooring_Flooring Materials_Ceramic Floor Tile"
",Flooring_Flooring Materials_Ceramic Floor Tile"
",Flooring_Flooring Materials_Ceramic Floor Tile"
",Flooring_Flooring Materials_Ceramic Floor Tile"
",Flooring_Flooring Materials_Ceramic Floor Tile"
",Flooring_Flooring Materials_Ceramic Floor Tile"
",Flooring_Flooring Materials_Ceramic Floor Tile"
",Flooring_Flooring Materials_Ceramic Floor Tile"
",Flooring_Flooring Materials_Ceramic Floor Tile"
",Flooring_Flooring Materials_Ceramic Floor Tile"
",Millwork_Corbels"
",Millwork_Corbels"
",Millwork_Corbels"
",Millwork_Corbels"
",Millwork_Corbels"
",Millwork_Corbels"
",Millwork_Corbels"
",Millwork_Corbels"
",Millwork_Corbels"
",Millwork_Corbels"
",Millwork_Corbels"
",Millwork_Corbels"
",Millwork_Corbels"
",Millwork_Corbels"
",Millwork_Corbels"
",Millwork_Corbels"
",Millwork_Corbels"
",Millwork_Corbels"
",Millwork_Corbels"
",Millwork_Corbels"
",Millwork_Corbels"
",Millwork_Corbels"
",Millwork_Corbels"
",Millwork_Corbels"
",Millwork_Corbels"
",Millwork_Corbels"
",Millwork_Corbels"
",Millwork_Corbels"
",Millwork_Corbels"
",Millwork_Corbels"
",Millwork_Corbels"
",Millwork_Moldings & Trims_Ceiling Molding & Trim"
",Millwork_Moldings & Trims_Ceiling Molding & Trim"
",Millwork_Moldings & Trims_Ceiling Molding & Trim"
",Millwork_Moldings & Trims_Ceiling Molding & Trim"
",Millwork_Moldings & Trims_Ceiling Molding & Trim"
",Millwork_Moldings & Trims_Ceiling Molding & Trim"
",Millwork_Moldings & Trims_Ceiling Molding & Trim"
",Millwork_Moldings & Trims_Ceiling Molding & Trim"
",Millwork_Moldings & Trims_Ceiling Molding & Trim"
",Millwork_Moldings & Trims_Ceiling Molding & Trim"
",Millwork_Moldings & Trims_Ceiling Molding & Trim"
",Millwork_Moldings & Trims_Ceiling Molding & Trim"
",Millwork_Moldings & Trims_Ceiling Molding & Trim"
",Millwork_Moldings & Trims_Ceiling Molding & Trim"
",Millwork_Moldings & Trims_Ceiling Molding & Trim"
",Millwork_Moldings & Trims_Ceiling Molding & Trim"
",Millwork_Moldings & Trims_Ceiling Molding & Trim"
",Millwork_Moldings & Trims_Ceiling Molding & Trim"
",Millwork_Moldings & Trims_Ceiling Molding & Trim"
",Millwork_Moldings & Trims_Ceiling Molding & Trim"
",Millwork_Moldings & Trims_Ceiling Molding & Trim"
",Millwork_Moldings & Trims_Ceiling Molding & Trim"
",Millwork_Moldings & Trims_Ceiling Molding & Trim"
",Millwork_Moldings & Trims_Ceiling Molding & Trim"
",Millwork_Moldings & Trims_Ceiling Molding & Trim"
",Millwork_Moldings & Trims_Ceiling Molding & Trim"
",Millwork_Moldings & Trims_Ceiling Molding & Trim"
",Millwork_Moldings & Trims_Ceiling Molding & Trim"
",Millwork_Moldings & Trims_Ceiling Molding & Trim"
",Millwork_Moldings & Trims_Ceiling Molding & Trim"
",Winches, Hoists & Pulleys_Pulleys_V-Belt Pulleys & Sheaves"
",Winches, Hoists & Pulleys_Pulleys_V-Belt Pulleys & Sheaves"
",Winches, Hoists & Pulleys_Pulleys_V-Belt Pulleys & Sheaves"
",Winches, Hoists & Pulleys_Pulleys_V-Belt Pulleys & Sheaves"
",Winches, Hoists & Pulleys_Pulleys_V-Belt Pulleys & Sheaves"
",Winches, Hoists & Pulleys_Pulleys_V-Belt Pulleys & Sheaves"
",Winches, Hoists & Pulleys_Pulleys_V-Belt Pulleys & Sheaves"
",Winches, Hoists & Pulleys_Pulleys_V-Belt Pulleys & Sheaves"
",Winches, Hoists & Pulleys_Pulleys_V-Belt Pulleys & Sheaves"
",Winches, Hoists & Pulleys_Pulleys_V-Belt Pulleys & Sheaves"
",Winches, Hoists & Pulleys_Pulleys_V-Belt Pulleys & Sheaves"
",Winches, Hoists & Pulleys_Pulleys_V-Belt Pulleys & Sheaves"
",Winches, Hoists & Pulleys_Pulleys_V-Belt Pulleys & Sheaves"
",Winches, Hoists & Pulleys_Pulleys_V-Belt Pulleys & Sheaves"
",Winches, Hoists & Pulleys_Pulleys_V-Belt Pulleys & Sheaves"
",Winches, Hoists & Pulleys_Pulleys_V-Belt Pulleys & Sheaves"
",Winches, Hoists & Pulleys_Pulleys_V-Belt Pulleys & Sheaves"
",Winches, Hoists & Pulleys_Pulleys_V-Belt Pulleys & Sheaves"
",Winches, Hoists & Pulleys_Pulleys_V-Belt Pulleys & Sheaves"
",Winches, Hoists & Pulleys_Pulleys_V-Belt Pulleys & Sheaves"
",Winches, Hoists & Pulleys_Pulleys_V-Belt Pulleys & Sheaves"
",Winches, Hoists & Pulleys_Pulleys_V-Belt Pulleys & Sheaves"
",Winches, Hoists & Pulleys_Pulleys_V-Belt Pulleys & Sheaves"
",Winches, Hoists & Pulleys_Pulleys_V-Belt Pulleys & Sheaves"
",Winches, Hoists & Pulleys_Pulleys_V-Belt Pulleys & Sheaves"
",Winches, Hoists & Pulleys_Pulleys_V-Belt Pulleys & Sheaves"
",Winches, Hoists & Pulleys_Pulleys_V-Belt Pulleys & Sheaves"
",Winches, Hoists & Pulleys_Pulleys_V-Belt Pulleys & Sheaves"
",Winches, Hoists & Pulleys_Pulleys_V-Belt Pulleys & Sheaves"
",Winches, Hoists & Pulleys_Pulleys_V-Belt Pulleys & Sheaves"
",Tiles_Ceramic Flooring Tiles"
",Tiles_Ceramic Flooring Tiles"
",Tiles_Ceramic Flooring Tiles"
",Tiles_Ceramic Flooring Tiles"
",Tiles_Ceramic Flooring Tiles"
",Tiles_Ceramic Flooring Tiles"
",Tiles_Ceramic Flooring Tiles"
",Tiles_Ceramic Flooring Tiles"
",Tiles_Ceramic Flooring Tiles"
",Tiles_Ceramic Flooring Tiles"
",Tiles_Ceramic Flooring Tiles"
",Tiles_Ceramic Flooring Tiles"
",Tiles_Ceramic Flooring Tiles"
",Tiles_Ceramic Flooring Tiles"
",Tiles_Ceramic Flooring Tiles"
",Tiles_Ceramic Flooring Tiles"
",Tiles_Ceramic Flooring Tiles"
",Tiles_Ceramic Flooring Tiles"
",Tiles_Ceramic Flooring Tiles"
",Tiles_Ceramic Flooring Tiles"
",Tiles_Ceramic Flooring Tiles"
",Tiles_Ceramic Flooring Tiles"
",Tiles_Ceramic Flooring Tiles"
",Tiles_Ceramic Flooring Tiles"
",Tiles_Ceramic Flooring Tiles"
",Tiles_Ceramic Flooring Tiles"
",Tiles_Ceramic Flooring Tiles"
",Tiles_Ceramic Flooring Tiles"
",Tiles_Ceramic Flooring Tiles"
",Tiles_Ceramic Flooring Tiles"
",Tiles_Ceramic Flooring Tiles"
",Tiles_Ceramic Flooring Tiles"
",Jacks & Accessories_Bottle Jacks"
",Jacks & Accessories_Bottle Jacks"
",Jacks & Accessories_Bottle Jacks"
",Jacks & Accessories_Bottle Jacks"
",Jacks & Accessories_Bottle Jacks"
",Jacks & Accessories_Bottle Jacks"
",Jacks & Accessories_Bottle Jacks"
",Jacks & Accessories_Bottle Jacks"
",Jacks & Accessories_Bottle Jacks"
",Jacks & Accessories_Bottle Jacks"
",Jacks & Accessories_Bottle Jacks"
",Jacks & Accessories_Bottle Jacks"
",Jacks & Accessories_Bottle Jacks"
",Jacks & Accessories_Bottle Jacks"
",Jacks & Accessories_Bottle Jacks"
",Jacks & Accessories_Bottle Jacks"
",Jacks & Accessories_Bottle Jacks"
",Jacks & Accessories_Bottle Jacks"
",Jacks & Accessories_Bottle Jacks"
",Jacks & Accessories_Bottle Jacks"
",Jacks & Accessories_Bottle Jacks"
",Jacks & Accessories_Bottle Jacks"
",Jacks & Accessories_Bottle Jacks"
",Jacks & Accessories_Bottle Jacks"
",Jacks & Accessories_Bottle Jacks"
",Jacks & Accessories_Bottle Jacks"
",Jacks & Accessories_Bottle Jacks"
",Jacks & Accessories_Bottle Jacks"
",Jacks & Accessories_Bottle Jacks"
",Jacks & Accessories_Bottle Jacks"
",Jacks & Accessories_Bottle Jacks"
",Winches, Hoists & Pulleys_Hoist Accessories"
",Winches, Hoists & Pulleys_Hoist Accessories"
",Winches, Hoists & Pulleys_Hoist Accessories"
",Winches, Hoists & Pulleys_Hoist Accessories"
",Winches, Hoists & Pulleys_Hoist Accessories"
",Winches, Hoists & Pulleys_Hoist Accessories"
",Winches, Hoists & Pulleys_Hoist Accessories"
",Winches, Hoists & Pulleys_Hoist Accessories"
",Winches, Hoists & Pulleys_Hoist Accessories"
",Winches, Hoists & Pulleys_Hoist Accessories"
",Winches, Hoists & Pulleys_Hoist Accessories"
",Winches, Hoists & Pulleys_Hoist Accessories"
",Winches, Hoists & Pulleys_Hoist Accessories"
",Winches, Hoists & Pulleys_Hoist Accessories"
",Winches, Hoists & Pulleys_Hoist Accessories"
",Winches, Hoists & Pulleys_Hoist Accessories"
",Winches, Hoists & Pulleys_Hoist Accessories"
",Winches, Hoists & Pulleys_Hoist Accessories"
",Winches, Hoists & Pulleys_Hoist Accessories"
",Winches, Hoists & Pulleys_Hoist Accessories"
",Winches, Hoists & Pulleys_Hoist Accessories"
",Winches, Hoists & Pulleys_Hoist Accessories"
",Winches, Hoists & Pulleys_Hoist Accessories"
",Winches, Hoists & Pulleys_Hoist Accessories"
",Winches, Hoists & Pulleys_Hoist Accessories"
",Winches, Hoists & Pulleys_Hoist Accessories"
",Flooring_Flooring Materials_Hardwood Flooring"
",Flooring_Flooring Materials_Hardwood Flooring"
",Flooring_Flooring Materials_Hardwood Flooring"
",Flooring_Flooring Materials_Hardwood Flooring"
",Flooring_Flooring Materials_Hardwood Flooring"
",Flooring_Flooring Materials_Hardwood Flooring"
",Flooring_Flooring Materials_Hardwood Flooring"
",Flooring_Flooring Materials_Hardwood Flooring"
",Flooring_Flooring Materials_Hardwood Flooring"
",Flooring_Flooring Materials_Hardwood Flooring"
",Flooring_Flooring Materials_Hardwood Flooring"
",Flooring_Flooring Materials_Hardwood Flooring"
",Flooring_Flooring Materials_Hardwood Flooring"
",Flooring_Flooring Materials_Hardwood Flooring"
",Flooring_Flooring Materials_Hardwood Flooring"
",Flooring_Flooring Materials_Hardwood Flooring"
",Flooring_Flooring Materials_Hardwood Flooring"
",Flooring_Flooring Materials_Hardwood Flooring"
",Flooring_Flooring Materials_Hardwood Flooring"
",Flooring_Flooring Materials_Hardwood Flooring"
",Flooring_Flooring Materials_Hardwood Flooring"
",Flooring_Flooring Materials_Hardwood Flooring"
",Flooring_Flooring Materials_Hardwood Flooring"
",Flooring_Flooring Materials_Hardwood Flooring"
",Flooring_Flooring Materials_Hardwood Flooring"
",Flooring_Flooring Materials_Hardwood Flooring"
",Flooring_Flooring Materials_Hardwood Flooring"
",Flooring_Flooring Materials_Hardwood Flooring"
",Flooring_Flooring Materials_Hardwood Flooring"
",Flooring_Flooring Materials_Hardwood Flooring"
",Flooring_Flooring Materials_Hardwood Flooring"
",Telescoping Ladders"
",Telescoping Ladders"
",Telescoping Ladders"
",Telescoping Ladders"
",Telescoping Ladders"
",Telescoping Ladders"
",Telescoping Ladders"
",Telescoping Ladders"
",Telescoping Ladders"
",Telescoping Ladders"
",Telescoping Ladders"
",Telescoping Ladders"
",Telescoping Ladders"
",Telescoping Ladders"
",Telescoping Ladders"
",Telescoping Ladders"
",Telescoping Ladders"
",Telescoping Ladders"
",Telescoping Ladders"
",Telescoping Ladders"
",Telescoping Ladders"
",Telescoping Ladders"
",Telescoping Ladders"
",Telescoping Ladders"
",Telescoping Ladders"
",Telescoping Ladders"
",Telescoping Ladders"
",Telescoping Ladders"
",Telescoping Ladders"
",Telescoping Ladders"
",Doors_Interior & Closet Doors_Swinging Doors"
",Doors_Interior & Closet Doors_Swinging Doors"
",Extension Ladders"
",Extension Ladders"
",Extension Ladders"
",Extension Ladders"
",Extension Ladders"
",Extension Ladders"
",Extension Ladders"
",Extension Ladders"
",Extension Ladders"
",Extension Ladders"
",Extension Ladders"
",Extension Ladders"
",Extension Ladders"
",Extension Ladders"
",Extension Ladders"
",Extension Ladders"
",Extension Ladders"
",Extension Ladders"
",Extension Ladders"
",Extension Ladders"
",Extension Ladders"
",Extension Ladders"
",Extension Ladders"
",Extension Ladders"
",Extension Ladders"
",Extension Ladders"
",Extension Ladders"
",Extension Ladders"
",Extension Ladders"
",Doors_Garage Doors, Openers & Parts_Hardware_Sensors"
",Doors_Garage Doors, Openers & Parts_Hardware_Sensors"
",Doors_Garage Doors, Openers & Parts_Hardware_Sensors"
",Doors_Garage Doors, Openers & Parts_Hardware_Sensors"
",Doors_Garage Doors, Openers & Parts_Hardware_Sensors"
",Doors_Garage Doors, Openers & Parts_Hardware_Sensors"
",Doors_Garage Doors, Openers & Parts_Hardware_Sensors"
",Doors_Garage Doors, Openers & Parts_Hardware_Sensors"
",Doors_Garage Doors, Openers & Parts_Hardware_Sensors"
",Doors_Garage Doors, Openers & Parts_Hardware_Sensors"
",Doors_Garage Doors, Openers & Parts_Hardware_Sensors"
",Doors_Garage Doors, Openers & Parts_Hardware_Sensors"
",Doors_Garage Doors, Openers & Parts_Hardware_Sensors"
",Doors_Garage Doors, Openers & Parts_Hardware_Sensors"
",Doors_Garage Doors, Openers & Parts_Hardware_Sensors"
",Doors_Garage Doors, Openers & Parts_Hardware_Sensors"
",Doors_Garage Doors, Openers & Parts_Hardware_Sensors"
",Doors_Garage Doors, Openers & Parts_Hardware_Sensors"
",Doors_Garage Doors, Openers & Parts_Hardware_Sensors"
",Doors_Garage Doors, Openers & Parts_Hardware_Sensors"
",Doors_Garage Doors, Openers & Parts_Hardware_Sensors"
",Doors_Garage Doors, Openers & Parts_Hardware_Sensors"
",Doors_Garage Doors, Openers & Parts_Hardware_Sensors"
",Doors_Garage Doors, Openers & Parts_Hardware_Sensors"
",Doors_Garage Doors, Openers & Parts_Hardware_Sensors"
",Doors_Garage Doors, Openers & Parts_Hardware_Sensors"
",Doors_Garage Doors, Openers & Parts_Hardware_Sensors"
",Doors_Garage Doors, Openers & Parts_Hardware_Sensors"
",Doors_Garage Doors, Openers & Parts_Hardware_Sensors"
",Furnace Parts & Accessories_Furnace Humidifiers"
",Furnace Parts & Accessories_Furnace Humidifiers"
",Furnace Parts & Accessories_Furnace Humidifiers"
",Furnace Parts & Accessories_Furnace Humidifiers"
",Furnace Parts & Accessories_Furnace Humidifiers"
",Furnace Parts & Accessories_Furnace Humidifiers"
",Furnace Parts & Accessories_Furnace Humidifiers"
",Furnace Parts & Accessories_Furnace Humidifiers"
",Furnace Parts & Accessories_Furnace Humidifiers"
",Furnace Parts & Accessories_Furnace Humidifiers"
",Winches, Hoists & Pulleys_Winch Accessories_Shackles"
",Winches, Hoists & Pulleys_Winch Accessories_Shackles"
",Winches, Hoists & Pulleys_Winch Accessories_Shackles"
",Winches, Hoists & Pulleys_Winch Accessories_Shackles"
",Winches, Hoists & Pulleys_Winch Accessories_Shackles"
",Winches, Hoists & Pulleys_Winch Accessories_Shackles"
",Winches, Hoists & Pulleys_Winch Accessories_Shackles"
",Winches, Hoists & Pulleys_Winch Accessories_Shackles"
",Winches, Hoists & Pulleys_Winch Accessories_Shackles"
",Winches, Hoists & Pulleys_Winch Accessories_Shackles"
",Winches, Hoists & Pulleys_Winch Accessories_Shackles"
",Winches, Hoists & Pulleys_Winch Accessories_Shackles"
",Winches, Hoists & Pulleys_Winch Accessories_Shackles"
",Winches, Hoists & Pulleys_Winch Accessories_Shackles"
",Winches, Hoists & Pulleys_Winch Accessories_Shackles"
",Winches, Hoists & Pulleys_Winch Accessories_Shackles"
",Winches, Hoists & Pulleys_Winch Accessories_Shackles"
",Winches, Hoists & Pulleys_Winch Accessories_Shackles"
",Winches, Hoists & Pulleys_Winch Accessories_Shackles"
",Winches, Hoists & Pulleys_Winch Accessories_Shackles"
",Winches, Hoists & Pulleys_Winch Accessories_Shackles"
",Winches, Hoists & Pulleys_Winch Accessories_Shackles"
",Winches, Hoists & Pulleys_Winch Accessories_Shackles"
",Winches, Hoists & Pulleys_Winch Accessories_Shackles"
",Winches, Hoists & Pulleys_Winch Accessories_Shackles"
",Winches, Hoists & Pulleys_Winch Accessories_Shackles"
",Winches, Hoists & Pulleys_Winch Accessories_Shackles"
",Winches, Hoists & Pulleys_Winch Accessories_Shackles"
",Winches, Hoists & Pulleys_Winch Accessories_Shackles"
",Winches, Hoists & Pulleys_Winch Accessories_Shackles"
",Winches, Hoists & Pulleys_Winch Accessories_Shackles"
",Winches, Hoists & Pulleys_Winch Accessories_Shackles"
",Winches, Hoists & Pulleys_Winch Accessories_Shackles"
",Furnace Parts & Accessories_Furnace Filters"
",Furnace Parts & Accessories_Furnace Filters"
",Furnace Parts & Accessories_Furnace Filters"
",Furnace Parts & Accessories_Furnace Filters"
",Furnace Parts & Accessories_Furnace Filters"
",Furnace Parts & Accessories_Furnace Filters"
",Furnace Parts & Accessories_Furnace Filters"
",Furnace Parts & Accessories_Furnace Filters"
",Furnace Parts & Accessories_Furnace Filters"
",Furnace Parts & Accessories_Furnace Filters"
",Furnace Parts & Accessories_Furnace Filters"
",Furnace Parts & Accessories_Furnace Filters"
",Furnace Parts & Accessories_Furnace Filters"
",Furnace Parts & Accessories_Furnace Filters"
",Furnace Parts & Accessories_Furnace Filters"
",Furnace Parts & Accessories_Furnace Filters"
",Furnace Parts & Accessories_Furnace Filters"
",Furnace Parts & Accessories_Furnace Filters"
",Furnace Parts & Accessories_Furnace Filters"
",Furnace Parts & Accessories_Furnace Filters"
",Furnace Parts & Accessories_Furnace Filters"
",Furnace Parts & Accessories_Furnace Filters"
",Furnace Parts & Accessories_Furnace Filters"
",Furnace Parts & Accessories_Furnace Filters"
",Furnace Parts & Accessories_Furnace Filters"
",Furnace Parts & Accessories_Furnace Filters"
",Furnace Parts & Accessories_Furnace Filters"
",Furnace Parts & Accessories_Furnace Filters"
",Furnace Parts & Accessories_Furnace Filters"
",Furnace Parts & Accessories_Furnace Filters"
",Furnace Parts & Accessories_Furnace Filters"
",Furnace Parts & Accessories_Furnace Filters"
",Raw Building Materials_Glass_Glass Blocks"
",Raw Building Materials_Glass_Glass Blocks"
",Raw Building Materials_Glass_Glass Blocks"
",Raw Building Materials_Glass_Glass Blocks"
",Raw Building Materials_Glass_Glass Blocks"
",Raw Building Materials_Glass_Glass Blocks"
",Raw Building Materials_Glass_Glass Blocks"
",Raw Building Materials_Glass_Glass Blocks"
",Raw Building Materials_Glass_Glass Blocks"
",Raw Building Materials_Glass_Glass Blocks"
",Raw Building Materials_Glass_Glass Blocks"
",Raw Building Materials_Glass_Glass Blocks"
",Raw Building Materials_Glass_Glass Blocks"
",Raw Building Materials_Glass_Glass Blocks"
",Raw Building Materials_Glass_Glass Blocks"
",Raw Building Materials_Glass_Glass Blocks"
",Raw Building Materials_Glass_Glass Blocks"
",Raw Building Materials_Glass_Glass Blocks"
",Raw Building Materials_Glass_Glass Blocks"
",Raw Building Materials_Glass_Glass Blocks"
",Raw Building Materials_Glass_Glass Blocks"
",Raw Building Materials_Glass_Glass Blocks"
",Raw Building Materials_Glass_Glass Blocks"
",Winches, Hoists & Pulleys_Winch Accessories_Recovery Straps"
",Winches, Hoists & Pulleys_Winch Accessories_Recovery Straps"
",Winches, Hoists & Pulleys_Winch Accessories_Recovery Straps"
",Winches, Hoists & Pulleys_Winch Accessories_Recovery Straps"
",Winches, Hoists & Pulleys_Winch Accessories_Recovery Straps"
",Winches, Hoists & Pulleys_Winch Accessories_Recovery Straps"
",Winches, Hoists & Pulleys_Winch Accessories_Recovery Straps"
",Winches, Hoists & Pulleys_Winch Accessories_Recovery Straps"
",Winches, Hoists & Pulleys_Winch Accessories_Recovery Straps"
",Winches, Hoists & Pulleys_Winch Accessories_Recovery Straps"
",Winches, Hoists & Pulleys_Winch Accessories_Recovery Straps"
",Winches, Hoists & Pulleys_Winch Accessories_Recovery Straps"
",Winches, Hoists & Pulleys_Winch Accessories_Recovery Straps"
",Winches, Hoists & Pulleys_Winch Accessories_Recovery Straps"
",Winches, Hoists & Pulleys_Winch Accessories_Recovery Straps"
",Winches, Hoists & Pulleys_Winch Accessories_Recovery Straps"
",Winches, Hoists & Pulleys_Winch Accessories_Recovery Straps"
",Winches, Hoists & Pulleys_Winch Accessories_Recovery Straps"
",Winches, Hoists & Pulleys_Winch Accessories_Recovery Straps"
",Winches, Hoists & Pulleys_Winch Accessories_Recovery Straps"
",Winches, Hoists & Pulleys_Winch Accessories_Recovery Straps"
",Winches, Hoists & Pulleys_Winch Accessories_Recovery Straps"
",Winches, Hoists & Pulleys_Winch Accessories_Recovery Straps"
",Winches, Hoists & Pulleys_Winch Accessories_Recovery Straps"
",Winches, Hoists & Pulleys_Winch Accessories_Recovery Straps"
",Winches, Hoists & Pulleys_Winch Accessories_Recovery Straps"
",Winches, Hoists & Pulleys_Winch Accessories_Snatch Blocks"
",Winches, Hoists & Pulleys_Winch Accessories_Snatch Blocks"
",Winches, Hoists & Pulleys_Winch Accessories_Snatch Blocks"
",Winches, Hoists & Pulleys_Winch Accessories_Snatch Blocks"
",Winches, Hoists & Pulleys_Winch Accessories_Snatch Blocks"
",Winches, Hoists & Pulleys_Winch Accessories_Snatch Blocks"
",Winches, Hoists & Pulleys_Winch Accessories_Snatch Blocks"
",Winches, Hoists & Pulleys_Winch Accessories_Snatch Blocks"
",Winches, Hoists & Pulleys_Winch Accessories_Snatch Blocks"
",Winches, Hoists & Pulleys_Winch Accessories_Snatch Blocks"
",Winches, Hoists & Pulleys_Winch Accessories_Snatch Blocks"
",Winches, Hoists & Pulleys_Winch Accessories_Snatch Blocks"
",Winches, Hoists & Pulleys_Winch Accessories_Snatch Blocks"
",Winches, Hoists & Pulleys_Winch Accessories_Snatch Blocks"
",Winches, Hoists & Pulleys_Winch Accessories_Snatch Blocks"
",Winches, Hoists & Pulleys_Winch Accessories_Snatch Blocks"
",Winches, Hoists & Pulleys_Winch Accessories_Snatch Blocks"
",Winches, Hoists & Pulleys_Winch Accessories_Snatch Blocks"
",Winches, Hoists & Pulleys_Winch Accessories_Snatch Blocks"
",Winches, Hoists & Pulleys_Winch Accessories_Snatch Blocks"
",Winches, Hoists & Pulleys_Winch Accessories_Snatch Blocks"
",Winches, Hoists & Pulleys_Winch Accessories_Snatch Blocks"
",Winches, Hoists & Pulleys_Winch Accessories_Snatch Blocks"
",Winches, Hoists & Pulleys_Winch Accessories_Snatch Blocks"
",Winches, Hoists & Pulleys_Winch Accessories_Snatch Blocks"
",Winches, Hoists & Pulleys_Winch Accessories_Snatch Blocks"
",Winches, Hoists & Pulleys_Winch Accessories_Snatch Blocks"
",Winches, Hoists & Pulleys_Winch Accessories_Snatch Blocks"
",Winches, Hoists & Pulleys_Winch Accessories_Snatch Blocks"
",Load Binders"
",Load Binders"
",Load Binders"
",Load Binders"
",Load Binders"
",Load Binders"
",Load Binders"
",Load Binders"
",Load Binders"
",Load Binders"
",Load Binders"
",Load Binders"
",Load Binders"
",Load Binders"
",Load Binders"
",Load Binders"
",Load Binders"
",Load Binders"
",Load Binders"
",Load Binders"
",Load Binders"
",Load Binders"
",Load Binders"
",Load Binders"
",Load Binders"
",Load Binders"
",Load Binders"
",Load Binders"
",Load Binders"
",Doors_Door Frames"
",Doors_Door Frames"
",Doors_Door Frames"
",Doors_Door Frames"
",Doors_Door Frames"
",Doors_Door Frames"
",Doors_Door Frames"
",Doors_Door Frames"
",Doors_Door Frames"
",Doors_Door Frames"
",Doors_Door Frames"
",Doors_Door Frames"
",Doors_Door Frames"
",Doors_Door Frames"
",Doors_Door Frames"
",Doors_Door Frames"
",Doors_Door Frames"
",Doors_Door Frames"
",Doors_Door Frames"
",Doors_Door Frames"
",Doors_Door Frames"
",Doors_Door Frames"
",Doors_Door Frames"
",Doors_Door Frames"
",Roofing_Gutters & Accessories_Gutters"
",Roofing_Gutters & Accessories_Gutters"
",Roofing_Gutters & Accessories_Gutters"
",Roofing_Gutters & Accessories_Gutters"
",Roofing_Gutters & Accessories_Gutters"
",Roofing_Gutters & Accessories_Gutters"
",Roofing_Gutters & Accessories_Gutters"
",Roofing_Gutters & Accessories_Gutters"
",Roofing_Gutters & Accessories_Gutters"
",Roofing_Gutters & Accessories_Gutters"
",Roofing_Gutters & Accessories_Gutters"
",Roofing_Gutters & Accessories_Gutters"
",Roofing_Gutters & Accessories_Gutters"
",Roofing_Gutters & Accessories_Gutters"
",Roofing_Gutters & Accessories_Gutters"
",Roofing_Gutters & Accessories_Gutters"
",Roofing_Gutters & Accessories_Gutters"
",Roofing_Gutters & Accessories_Gutters"
",Roofing_Gutters & Accessories_Gutters"
",Roofing_Gutters & Accessories_Gutters"
",Roofing_Gutters & Accessories_Gutters"
",Roofing_Gutters & Accessories_Gutters"
",Roofing_Gutters & Accessories_Gutters"
",Roofing_Gutters & Accessories_Gutters"
",Roofing_Gutters & Accessories_Gutters"
",Roofing_Gutters & Accessories_Gutters"
",Roofing_Gutters & Accessories_Gutters"
",Roofing_Gutters & Accessories_Gutters"
",Roofing_Gutters & Accessories_Gutters"
",Lifting Cranes_Gantry"
",Heaters & Accessories"
",Heaters & Accessories"
",Heaters & Accessories"
",Heaters & Accessories"
",Heaters & Accessories"
",Heaters & Accessories"
",Heaters & Accessories"
",Heaters & Accessories"
",Heaters & Accessories"
",Heaters & Accessories"
",Heaters & Accessories"
",Heaters & Accessories"
",Heaters & Accessories"
",Heaters & Accessories"
",Heaters & Accessories"
",Heaters & Accessories"
",Heaters & Accessories"
",Heaters & Accessories"
",Heaters & Accessories"
",Heaters & Accessories"
",Heaters & Accessories"
",Heaters & Accessories"
",Heaters & Accessories"
",Heaters & Accessories"
",Heaters & Accessories"
",Heaters & Accessories"
",Heaters & Accessories"
",Heaters & Accessories"
",Heaters & Accessories"
",Heaters & Accessories"
",Heaters & Accessories"
",Roofing_Vents_Roof Vents"
",Roofing_Vents_Roof Vents"
",Roofing_Vents_Roof Vents"
",Roofing_Vents_Roof Vents"
",Roofing_Vents_Roof Vents"
",Roofing_Vents_Roof Vents"
",Roofing_Vents_Roof Vents"
",Roofing_Vents_Roof Vents"
",Roofing_Vents_Roof Vents"
",Roofing_Vents_Roof Vents"
",Roofing_Vents_Roof Vents"
",Roofing_Vents_Roof Vents"
",Roofing_Vents_Roof Vents"
",Roofing_Vents_Roof Vents"
",Roofing_Vents_Roof Vents"
",Roofing_Vents_Roof Vents"
",Roofing_Vents_Roof Vents"
",Roofing_Vents_Roof Vents"
",Roofing_Vents_Roof Vents"
",Roofing_Vents_Roof Vents"
",Roofing_Vents_Roof Vents"
",Roofing_Vents_Roof Vents"
",Roofing_Vents_Roof Vents"
",Roofing_Vents_Roof Vents"
",Roofing_Vents_Roof Vents"
",Roofing_Vents_Roof Vents"
",Roofing_Vents_Roof Vents"
",Roofing_Vents_Roof Vents"
",Doors_Interior & Closet Doors_Hollow Core Doors"
",Millwork_Moldings & Trims_Window Molding & Trim"
",Millwork_Moldings & Trims_Window Molding & Trim"
",Millwork_Moldings & Trims_Window Molding & Trim"
",Millwork_Moldings & Trims_Window Molding & Trim"
",Millwork_Moldings & Trims_Window Molding & Trim"
",Millwork_Moldings & Trims_Window Molding & Trim"
",Millwork_Moldings & Trims_Window Molding & Trim"
",Millwork_Moldings & Trims_Window Molding & Trim"
",Millwork_Moldings & Trims_Window Molding & Trim"
",Millwork_Moldings & Trims_Window Molding & Trim"
",Millwork_Moldings & Trims_Window Molding & Trim"
",Millwork_Moldings & Trims_Window Molding & Trim"
",Millwork_Moldings & Trims_Window Molding & Trim"
",Millwork_Moldings & Trims_Window Molding & Trim"
",Millwork_Moldings & Trims_Window Molding & Trim"
",Millwork_Moldings & Trims_Window Molding & Trim"
",Millwork_Moldings & Trims_Window Molding & Trim"
",Doors_Exterior Doors_Storm Doors"
",Doors_Exterior Doors_Storm Doors"
",Doors_Exterior Doors_Storm Doors"
",Winches, Hoists & Pulleys_Winch Accessories_Hook Straps"
",Winches, Hoists & Pulleys_Winch Accessories_Hook Straps"
",Winches, Hoists & Pulleys_Winch Accessories_Hook Straps"
",Winches, Hoists & Pulleys_Winch Accessories_Hook Straps"
",Winches, Hoists & Pulleys_Winch Accessories_Hook Straps"
",Winches, Hoists & Pulleys_Winch Accessories_Hook Straps"
",Winches, Hoists & Pulleys_Winch Accessories_Hook Straps"
",Winches, Hoists & Pulleys_Winch Accessories_Hook Straps"
",Winches, Hoists & Pulleys_Winch Accessories_Hook Straps"
",Winches, Hoists & Pulleys_Winch Accessories_Hook Straps"
",Winches, Hoists & Pulleys_Winch Accessories_Hook Straps"
",Winches, Hoists & Pulleys_Winch Accessories_Hook Straps"
",Winches, Hoists & Pulleys_Winch Accessories_Hook Straps"
",Winches, Hoists & Pulleys_Winch Accessories_Hook Straps"
",Winches, Hoists & Pulleys_Winch Accessories_Hook Straps"
",Winches, Hoists & Pulleys_Winch Accessories_Hook Straps"
",Winches, Hoists & Pulleys_Winch Accessories_Hook Straps"
",Winches, Hoists & Pulleys_Winch Accessories_Hook Straps"
",Winches, Hoists & Pulleys_Winch Accessories_Hook Straps"
",Winches, Hoists & Pulleys_Winch Accessories_Hook Straps"
",Winches, Hoists & Pulleys_Winch Accessories_Hook Straps"
",Winches, Hoists & Pulleys_Winch Accessories_Hook Straps"
",Winches, Hoists & Pulleys_Winch Accessories_Hook Straps"
",Winches, Hoists & Pulleys_Winch Accessories_Hook Straps"
",Winches, Hoists & Pulleys_Winch Accessories_Hook Straps"
",Winches, Hoists & Pulleys_Winch Accessories_Hook Straps"
",Step Ladders"
",Step Ladders"
",Step Ladders"
",Step Ladders"
",Step Ladders"
",Step Ladders"
",Step Ladders"
",Step Ladders"
",Step Ladders"
",Step Ladders"
",Step Ladders"
",Step Ladders"
",Step Ladders"
",Step Ladders"
",Step Ladders"
",Step Ladders"
",Step Ladders"
",Step Ladders"
",Step Ladders"
",Step Ladders"
",Step Ladders"
",Step Ladders"
",Step Ladders"
",Step Ladders"
",Step Ladders"
",Step Ladders"
",Step Ladders"
",Step Ladders"
",Step Ladders"
",Step Ladders"
",Step Ladders"
",Millwork_Moldings & Trims_Floor Molding & Trim"
",Millwork_Moldings & Trims_Floor Molding & Trim"
",Millwork_Moldings & Trims_Floor Molding & Trim"
",Millwork_Moldings & Trims_Floor Molding & Trim"
",Millwork_Moldings & Trims_Floor Molding & Trim"
",Millwork_Moldings & Trims_Floor Molding & Trim"
",Millwork_Moldings & Trims_Floor Molding & Trim"
",Millwork_Moldings & Trims_Floor Molding & Trim"
",Millwork_Moldings & Trims_Floor Molding & Trim"
",Millwork_Moldings & Trims_Floor Molding & Trim"
",Millwork_Moldings & Trims_Floor Molding & Trim"
",Millwork_Moldings & Trims_Floor Molding & Trim"
",Millwork_Moldings & Trims_Floor Molding & Trim"
",Millwork_Moldings & Trims_Floor Molding & Trim"
",Millwork_Moldings & Trims_Floor Molding & Trim"
",Millwork_Moldings & Trims_Floor Molding & Trim"
",Millwork_Moldings & Trims_Floor Molding & Trim"
",Millwork_Moldings & Trims_Floor Molding & Trim"
",Millwork_Moldings & Trims_Floor Molding & Trim"
",Millwork_Moldings & Trims_Floor Molding & Trim"
",Millwork_Moldings & Trims_Floor Molding & Trim"
",Millwork_Moldings & Trims_Floor Molding & Trim"
",Millwork_Moldings & Trims_Floor Molding & Trim"
",Millwork_Moldings & Trims_Floor Molding & Trim"
",Millwork_Moldings & Trims_Floor Molding & Trim"
",Millwork_Moldings & Trims_Floor Molding & Trim"
",Millwork_Moldings & Trims_Floor Molding & Trim"
",Millwork_Moldings & Trims_Floor Molding & Trim"
",Doors_Interior & Closet Doors_Sliding & Pocket Doors"
",Doors_Interior & Closet Doors_Sliding & Pocket Doors"
",Doors_Interior & Closet Doors_Sliding & Pocket Doors"
",Doors_Interior & Closet Doors_Sliding & Pocket Doors"
",Doors_Interior & Closet Doors_Sliding & Pocket Doors"
",Doors_Interior & Closet Doors_Sliding & Pocket Doors"
",Doors_Interior & Closet Doors_Sliding & Pocket Doors"
",Doors_Interior & Closet Doors_Sliding & Pocket Doors"
",Doors_Interior & Closet Doors_Sliding & Pocket Doors"
",Doors_Interior & Closet Doors_Sliding & Pocket Doors"
",Doors_Interior & Closet Doors_Sliding & Pocket Doors"
",Doors_Interior & Closet Doors_Sliding & Pocket Doors"
",Doors_Interior & Closet Doors_Sliding & Pocket Doors"
",Doors_Interior & Closet Doors_Sliding & Pocket Doors"
",Doors_Interior & Closet Doors_Sliding & Pocket Doors"
",Doors_Interior & Closet Doors_Sliding & Pocket Doors"
",Doors_Interior & Closet Doors_Sliding & Pocket Doors"
",Doors_Interior & Closet Doors_Sliding & Pocket Doors"
",Lifting Cranes_Bridge"
",Doors_Garage Doors, Openers & Parts_Hardware_Locks"
",Doors_Garage Doors, Openers & Parts_Hardware_Locks"
",Doors_Garage Doors, Openers & Parts_Hardware_Locks"
",Doors_Garage Doors, Openers & Parts_Hardware_Locks"
",Doors_Garage Doors, Openers & Parts_Hardware_Locks"
",Doors_Garage Doors, Openers & Parts_Hardware_Locks"
",Doors_Garage Doors, Openers & Parts_Hardware_Locks"
",Doors_Garage Doors, Openers & Parts_Hardware_Locks"
",Doors_Garage Doors, Openers & Parts_Hardware_Locks"
",Doors_Garage Doors, Openers & Parts_Hardware_Locks"
",Doors_Garage Doors, Openers & Parts_Hardware_Locks"
",Doors_Garage Doors, Openers & Parts_Hardware_Locks"
",Doors_Garage Doors, Openers & Parts_Hardware_Locks"
",Doors_Garage Doors, Openers & Parts_Hardware_Locks"
",Doors_Garage Doors, Openers & Parts_Hardware_Locks"
",Doors_Garage Doors, Openers & Parts_Hardware_Locks"
",Doors_Garage Doors, Openers & Parts_Hardware_Locks"
",Doors_Garage Doors, Openers & Parts_Hardware_Locks"
",Doors_Garage Doors, Openers & Parts_Hardware_Locks"
",Doors_Garage Doors, Openers & Parts_Hardware_Locks"
",Doors_Garage Doors, Openers & Parts_Hardware_Locks"
",Doors_Garage Doors, Openers & Parts_Hardware_Locks"
",Doors_Garage Doors, Openers & Parts_Hardware_Locks"
",Doors_Garage Doors, Openers & Parts_Hardware_Locks"
",Doors_Garage Doors, Openers & Parts_Hardware_Locks"
",Doors_Garage Doors, Openers & Parts_Hardware_Locks"
",Stair Parts_Risers"
",Stair Parts_Risers"
",Stair Parts_Risers"
",Stair Parts_Risers"
",Stair Parts_Risers"
",Stair Parts_Risers"
",Stair Parts_Risers"
",Stair Parts_Risers"
",Stair Parts_Risers"
",Stair Parts_Risers"
",Stair Parts_Risers"
",Stair Parts_Risers"
",Stair Parts_Risers"
",Stair Parts_Risers"
",Stair Parts_Risers"
",Flooring_Adhesives & Mortars"
",Flooring_Adhesives & Mortars"
",Flooring_Adhesives & Mortars"
",Flooring_Adhesives & Mortars"
",Flooring_Adhesives & Mortars"
",Flooring_Adhesives & Mortars"
",Flooring_Adhesives & Mortars"
",Flooring_Adhesives & Mortars"
",Flooring_Adhesives & Mortars"
",Flooring_Adhesives & Mortars"
",Flooring_Adhesives & Mortars"
",Flooring_Adhesives & Mortars"
",Flooring_Adhesives & Mortars"
",Flooring_Adhesives & Mortars"
",Flooring_Adhesives & Mortars"
",Flooring_Adhesives & Mortars"
",Flooring_Accessories_Underlayments"
",Flooring_Accessories_Underlayments"
",Flooring_Accessories_Underlayments"
",Flooring_Accessories_Underlayments"
",Flooring_Accessories_Underlayments"
",Flooring_Accessories_Underlayments"
",Flooring_Accessories_Underlayments"
",Flooring_Accessories_Underlayments"
",Flooring_Accessories_Underlayments"
",Flooring_Accessories_Underlayments"
",Flooring_Accessories_Underlayments"
",Flooring_Accessories_Underlayments"
",Flooring_Accessories_Underlayments"
",Flooring_Accessories_Underlayments"
",Flooring_Accessories_Underlayments"
",Flooring_Accessories_Underlayments"
",Flooring_Accessories_Underlayments"
",Flooring_Accessories_Underlayments"
",Flooring_Accessories_Underlayments"
",Flooring_Accessories_Underlayments"
",Flooring_Accessories_Underlayments"
",Flooring_Accessories_Underlayments"
",Flooring_Accessories_Underlayments"
",Flooring_Accessories_Underlayments"
",Flooring_Accessories_Underlayments"
",Flooring_Accessories_Underlayments"
",Flooring_Accessories_Underlayments"
",Flooring_Accessories_Underlayments"
",Flooring_Accessories_Underlayments"
",Flooring_Accessories_Underlayments"
",Flooring_Accessories_Underlayments"
",Flooring_Accessories_Underlayments"
",Flooring_Accessories_Underlayments"
",Snatch Blocks"
",Snatch Blocks"
",Snatch Blocks"
",Snatch Blocks"
",Snatch Blocks"
",Snatch Blocks"
",Snatch Blocks"
",Snatch Blocks"
",Snatch Blocks"
",Snatch Blocks"
",Snatch Blocks"
",Snatch Blocks"
",Snatch Blocks"
",Snatch Blocks"
",Snatch Blocks"
",Snatch Blocks"
",Snatch Blocks"
",Snatch Blocks"
",Snatch Blocks"
",Snatch Blocks"
",Snatch Blocks"
",Snatch Blocks"
",Snatch Blocks"
",Snatch Blocks"
",Snatch Blocks"
",Snatch Blocks"
",Snatch Blocks"
",Snatch Blocks"
",Snatch Blocks"
",Snatch Blocks"
",Snatch Blocks"
",Snatch Blocks"
",Snatch Blocks"
",Winches, Hoists & Pulleys_Winch Accessories_Mounts"
",Winches, Hoists & Pulleys_Winch Accessories_Mounts"
",Winches, Hoists & Pulleys_Winch Accessories_Mounts"
",Winches, Hoists & Pulleys_Winch Accessories_Mounts"
",Winches, Hoists & Pulleys_Winch Accessories_Mounts"
",Winches, Hoists & Pulleys_Winch Accessories_Mounts"
",Winches, Hoists & Pulleys_Winch Accessories_Mounts"
",Winches, Hoists & Pulleys_Winch Accessories_Mounts"
",Winches, Hoists & Pulleys_Winch Accessories_Mounts"
",Winches, Hoists & Pulleys_Winch Accessories_Mounts"
",Winches, Hoists & Pulleys_Winch Accessories_Mounts"
",Winches, Hoists & Pulleys_Winch Accessories_Mounts"
",Winches, Hoists & Pulleys_Winch Accessories_Mounts"
",Winches, Hoists & Pulleys_Winch Accessories_Mounts"
",Winches, Hoists & Pulleys_Winch Accessories_Mounts"
",Winches, Hoists & Pulleys_Winch Accessories_Mounts"
",Winches, Hoists & Pulleys_Winch Accessories_Mounts"
",Winches, Hoists & Pulleys_Winch Accessories_Mounts"
",Winches, Hoists & Pulleys_Winch Accessories_Mounts"
",Winches, Hoists & Pulleys_Winch Accessories_Mounts"
",Winches, Hoists & Pulleys_Winch Accessories_Mounts"
",Winches, Hoists & Pulleys_Winch Accessories_Mounts"
",Winches, Hoists & Pulleys_Winch Accessories_Mounts"
",Winches, Hoists & Pulleys_Winch Accessories_Mounts"
",Decking & Fencing_Railings & Pickets_Posts & Accessories_Sleeves, Wraps & Trim"
",Decking & Fencing_Railings & Pickets_Posts & Accessories_Sleeves, Wraps & Trim"
",Decking & Fencing_Railings & Pickets_Posts & Accessories_Sleeves, Wraps & Trim"
",Decking & Fencing_Railings & Pickets_Posts & Accessories_Sleeves, Wraps & Trim"
",Roofing_Vents_Gable Vents"
",Roofing_Vents_Gable Vents"
",Roofing_Vents_Gable Vents"
",Roofing_Vents_Gable Vents"
",Roofing_Vents_Gable Vents"
",Roofing_Vents_Gable Vents"
",Roofing_Vents_Gable Vents"
",Roofing_Vents_Gable Vents"
",Roofing_Vents_Gable Vents"
",Roofing_Vents_Gable Vents"
",Roofing_Vents_Gable Vents"
",Roofing_Vents_Gable Vents"
",Roofing_Vents_Gable Vents"
",Roofing_Vents_Gable Vents"
",Roofing_Vents_Gable Vents"
",Roofing_Vents_Gable Vents"
",Roofing_Vents_Gable Vents"
",Roofing_Vents_Gable Vents"
",Roofing_Vents_Gable Vents"
",Roofing_Vents_Gable Vents"
",Roofing_Vents_Gable Vents"
",Roofing_Vents_Gable Vents"
",Roofing_Vents_Gable Vents"
",Roofing_Vents_Gable Vents"
",Beam Trolleys"
",Beam Trolleys"
",Beam Trolleys"
",Beam Trolleys"
",Beam Trolleys"
",Beam Trolleys"
",Beam Trolleys"
",Beam Trolleys"
",Beam Trolleys"
",Beam Trolleys"
",Beam Trolleys"
",Beam Trolleys"
",Beam Trolleys"
",Beam Trolleys"
",Beam Trolleys"
",Beam Trolleys"
",Beam Trolleys"
",Beam Trolleys"
",Beam Trolleys"
",Beam Trolleys"
",Beam Trolleys"
",Beam Trolleys"
",Beam Trolleys"
",Beam Trolleys"
",Beam Trolleys"
",Beam Trolleys"
",Beam Trolleys"
",Beam Trolleys"
",Beam Trolleys"
",Beam Trolleys"
",Doors_Garage Doors, Openers & Parts_Hardware_Seals"
",Doors_Garage Doors, Openers & Parts_Hardware_Seals"
",Doors_Garage Doors, Openers & Parts_Hardware_Seals"
",Doors_Garage Doors, Openers & Parts_Hardware_Seals"
",Doors_Garage Doors, Openers & Parts_Hardware_Seals"
",Doors_Garage Doors, Openers & Parts_Hardware_Seals"
",Doors_Garage Doors, Openers & Parts_Hardware_Seals"
",Doors_Garage Doors, Openers & Parts_Hardware_Seals"
",Doors_Garage Doors, Openers & Parts_Hardware_Seals"
",Doors_Garage Doors, Openers & Parts_Hardware_Seals"
",Doors_Garage Doors, Openers & Parts_Hardware_Seals"
",Doors_Garage Doors, Openers & Parts_Hardware_Seals"
",Doors_Garage Doors, Openers & Parts_Hardware_Seals"
",Doors_Garage Doors, Openers & Parts_Hardware_Seals"
",Doors_Garage Doors, Openers & Parts_Hardware_Seals"
",Doors_Garage Doors, Openers & Parts_Hardware_Seals"
",Doors_Garage Doors, Openers & Parts_Hardware_Seals"
",Doors_Garage Doors, Openers & Parts_Hardware_Seals"
",Doors_Garage Doors, Openers & Parts_Hardware_Seals"
",Doors_Garage Doors, Openers & Parts_Hardware_Seals"
",Doors_Garage Doors, Openers & Parts_Hardware_Seals"
",Doors_Garage Doors, Openers & Parts_Hardware_Seals"
",Doors_Garage Doors, Openers & Parts_Hardware_Seals"
",Doors_Garage Doors, Openers & Parts_Hardware_Seals"
",Doors_Garage Doors, Openers & Parts_Hardware_Seals"
",Doors_Garage Doors, Openers & Parts_Hardware_Seals"
",Doors_Garage Doors, Openers & Parts_Hardware_Seals"
",Doors_Garage Doors, Openers & Parts_Hardware_Seals"
",Doors_Garage Doors, Openers & Parts_Hardware_Seals"
",Doors_Garage Doors, Openers & Parts_Hardware_Seals"
",Doors_Garage Doors, Openers & Parts_Hardware_Seals"
",Registers, Grilles & Vents"
",Registers, Grilles & Vents"
",Registers, Grilles & Vents"
",Registers, Grilles & Vents"
",Registers, Grilles & Vents"
",Registers, Grilles & Vents"
",Registers, Grilles & Vents"
",Registers, Grilles & Vents"
",Registers, Grilles & Vents"
",Registers, Grilles & Vents"
",Registers, Grilles & Vents"
",Registers, Grilles & Vents"
",Registers, Grilles & Vents"
",Registers, Grilles & Vents"
",Registers, Grilles & Vents"
",Registers, Grilles & Vents"
",Registers, Grilles & Vents"
",Registers, Grilles & Vents"
",Registers, Grilles & Vents"
",Registers, Grilles & Vents"
",Registers, Grilles & Vents"
",Registers, Grilles & Vents"
",Registers, Grilles & Vents"
",Registers, Grilles & Vents"
",Registers, Grilles & Vents"
",Registers, Grilles & Vents"
",Registers, Grilles & Vents"
",Registers, Grilles & Vents"
",Registers, Grilles & Vents"
",Registers, Grilles & Vents"
",Registers, Grilles & Vents"
",Registers, Grilles & Vents"
",Registers, Grilles & Vents"
",Furnace Parts & Accessories_Power Cords"
",Furnace Parts & Accessories_Power Cords"
",Furnace Parts & Accessories_Power Cords"
",Furnace Parts & Accessories_Power Cords"
",Furnace Parts & Accessories_Power Cords"
",Furnace Parts & Accessories_Power Cords"
",Furnace Parts & Accessories_Power Cords"
",Furnace Parts & Accessories_Power Cords"
",Furnace Parts & Accessories_Power Cords"
",Furnace Parts & Accessories_Power Cords"
",Furnace Parts & Accessories_Power Cords"
",Furnace Parts & Accessories_Power Cords"
",Furnace Parts & Accessories_Power Cords"
",Furnace Parts & Accessories_Power Cords"
",Furnace Parts & Accessories_Power Cords"
",Furnace Parts & Accessories_Power Cords"
",Furnace Parts & Accessories_Power Cords"
",Furnace Parts & Accessories_Power Cords"
",Winches, Hoists & Pulleys_Winch Accessories_Fairleads"
",Winches, Hoists & Pulleys_Winch Accessories_Fairleads"
",Winches, Hoists & Pulleys_Winch Accessories_Fairleads"
",Winches, Hoists & Pulleys_Winch Accessories_Fairleads"
",Winches, Hoists & Pulleys_Winch Accessories_Fairleads"
",Winches, Hoists & Pulleys_Winch Accessories_Fairleads"
",Winches, Hoists & Pulleys_Winch Accessories_Fairleads"
",Winches, Hoists & Pulleys_Winch Accessories_Fairleads"
",Winches, Hoists & Pulleys_Winch Accessories_Fairleads"
",Winches, Hoists & Pulleys_Winch Accessories_Fairleads"
",Winches, Hoists & Pulleys_Winch Accessories_Fairleads"
",Winches, Hoists & Pulleys_Winch Accessories_Fairleads"
",Winches, Hoists & Pulleys_Winch Accessories_Fairleads"
",Winches, Hoists & Pulleys_Winch Accessories_Fairleads"
",Winches, Hoists & Pulleys_Winch Accessories_Fairleads"
",Winches, Hoists & Pulleys_Winch Accessories_Fairleads"
",Winches, Hoists & Pulleys_Winch Accessories_Fairleads"
",Winches, Hoists & Pulleys_Winch Accessories_Fairleads"
",Winches, Hoists & Pulleys_Winch Accessories_Fairleads"
",Winches, Hoists & Pulleys_Winch Accessories_Fairleads"
",Winches, Hoists & Pulleys_Winch Accessories_Fairleads"
",Winches, Hoists & Pulleys_Winch Accessories_Fairleads"
",Winches, Hoists & Pulleys_Winch Accessories_Fairleads"
",Winches, Hoists & Pulleys_Winch Accessories_Fairleads"
",Winches, Hoists & Pulleys_Winch Accessories_Fairleads"
",Winches, Hoists & Pulleys_Winch Accessories_Fairleads"
",Winches, Hoists & Pulleys_Winch Accessories_Fairleads"
",Winches, Hoists & Pulleys_Winch Accessories_Fairleads"
",Winches, Hoists & Pulleys_Winch Accessories_Fairleads"
",Winches, Hoists & Pulleys_Winch Accessories_Fairleads"
",Winches, Hoists & Pulleys_Winch Accessories_Fairleads"
",Roofing_Gutters & Accessories_Guards"
",Roofing_Gutters & Accessories_Guards"
",Roofing_Gutters & Accessories_Guards"
",Roofing_Gutters & Accessories_Guards"
",Roofing_Gutters & Accessories_Guards"
",Roofing_Gutters & Accessories_Guards"
",Roofing_Gutters & Accessories_Guards"
",Roofing_Gutters & Accessories_Guards"
",Roofing_Gutters & Accessories_Guards"
",Roofing_Gutters & Accessories_Guards"
",Roofing_Gutters & Accessories_Guards"
",Roofing_Gutters & Accessories_Guards"
",Roofing_Gutters & Accessories_Guards"
",Roofing_Gutters & Accessories_Guards"
",Roofing_Gutters & Accessories_Guards"
",Roofing_Gutters & Accessories_Guards"
",Roofing_Gutters & Accessories_Guards"
",Roofing_Gutters & Accessories_Guards"
",Roofing_Gutters & Accessories_Guards"
",Roofing_Gutters & Accessories_Guards"
",Roofing_Gutters & Accessories_Guards"
",Roofing_Gutters & Accessories_Guards"
",Roofing_Gutters & Accessories_Guards"
",Roofing_Gutters & Accessories_Guards"
",Roofing_Gutters & Accessories_Guards"
",Roofing_Gutters & Accessories_Guards"
",Roofing_Gutters & Accessories_Guards"
",Roofing_Gutters & Accessories_Guards"
",Roofing_Gutters & Accessories_Guards"
",Roofing_Gutters & Accessories_Guards"
",Roofing_Gutters & Accessories_Guards"
",Furnace Parts & Accessories_Fans"
",Furnace Parts & Accessories_Fans"
",Furnace Parts & Accessories_Fans"
",Furnace Parts & Accessories_Fans"
",Furnace Parts & Accessories_Fans"
",Furnace Parts & Accessories_Fans"
",Furnace Parts & Accessories_Fans"
",Furnace Parts & Accessories_Fans"
",Furnace Parts & Accessories_Fans"
",Furnace Parts & Accessories_Fans"
",Furnace Parts & Accessories_Fans"
",Furnace Parts & Accessories_Fans"
",Furnace Parts & Accessories_Fans"
",Furnace Parts & Accessories_Fans"
",Furnace Parts & Accessories_Fans"
",Furnace Parts & Accessories_Fans"
",Furnace Parts & Accessories_Fans"
",Furnace Parts & Accessories_Fans"
",Furnace Parts & Accessories_Fans"
",Furnace Parts & Accessories_Fans"
",Furnace Parts & Accessories_Fans"
",Furnace Parts & Accessories_Fans"
",Furnace Parts & Accessories_Fans"
",Furnace Parts & Accessories_Fans"
",Doors_Garage Doors, Openers & Parts_Opener System Parts"
",Doors_Garage Doors, Openers & Parts_Opener System Parts"
",Doors_Garage Doors, Openers & Parts_Opener System Parts"
",Doors_Garage Doors, Openers & Parts_Opener System Parts"
",Doors_Garage Doors, Openers & Parts_Opener System Parts"
",Doors_Garage Doors, Openers & Parts_Opener System Parts"
",Doors_Garage Doors, Openers & Parts_Opener System Parts"
",Doors_Garage Doors, Openers & Parts_Opener System Parts"
",Doors_Garage Doors, Openers & Parts_Opener System Parts"
",Doors_Garage Doors, Openers & Parts_Opener System Parts"
",Doors_Garage Doors, Openers & Parts_Opener System Parts"
",Doors_Garage Doors, Openers & Parts_Opener System Parts"
",Doors_Garage Doors, Openers & Parts_Opener System Parts"
",Doors_Garage Doors, Openers & Parts_Opener System Parts"
",Doors_Garage Doors, Openers & Parts_Opener System Parts"
",Doors_Garage Doors, Openers & Parts_Opener System Parts"
",Doors_Garage Doors, Openers & Parts_Opener System Parts"
",Doors_Garage Doors, Openers & Parts_Opener System Parts"
",Doors_Garage Doors, Openers & Parts_Opener System Parts"
",Doors_Garage Doors, Openers & Parts_Opener System Parts"
",Doors_Garage Doors, Openers & Parts_Opener System Parts"
",Doors_Garage Doors, Openers & Parts_Opener System Parts"
",Doors_Garage Doors, Openers & Parts_Opener System Parts"
",Doors_Garage Doors, Openers & Parts_Opener System Parts"
",Doors_Garage Doors, Openers & Parts_Opener System Parts"
",Doors_Garage Doors, Openers & Parts_Opener System Parts"
",Doors_Garage Doors, Openers & Parts_Opener System Parts"
",Doors_Garage Doors, Openers & Parts_Opener System Parts"
",Doors_Garage Doors, Openers & Parts_Opener System Parts"
",Doors_Garage Doors, Openers & Parts_Opener System Parts"
",Doors_Garage Doors, Openers & Parts_Opener System Parts"
",Doors_Garage Doors, Openers & Parts_Opener System Parts"
",HVAC Controls"
",HVAC Controls"
",HVAC Controls"
",HVAC Controls"
",HVAC Controls"
",HVAC Controls"
",HVAC Controls"
",HVAC Controls"
",HVAC Controls"
",HVAC Controls"
",HVAC Controls"
",HVAC Controls"
",HVAC Controls"
",HVAC Controls"
",HVAC Controls"
",HVAC Controls"
",HVAC Controls"
",HVAC Controls"
",HVAC Controls"
",HVAC Controls"
",HVAC Controls"
",HVAC Controls"
",HVAC Controls"
",HVAC Controls"
",HVAC Controls"
",HVAC Controls"
",HVAC Controls"
",HVAC Controls"
",HVAC Controls"
",HVAC Controls"
",Doors_Garage Doors, Openers & Parts_Garage Doors"
",Doors_Garage Doors, Openers & Parts_Garage Doors"
",Doors_Garage Doors, Openers & Parts_Garage Doors"
",Doors_Garage Doors, Openers & Parts_Garage Doors"
",Doors_Garage Doors, Openers & Parts_Garage Doors"
",Doors_Garage Doors, Openers & Parts_Garage Doors"
",Doors_Garage Doors, Openers & Parts_Garage Doors"
",Doors_Garage Doors, Openers & Parts_Garage Doors"
",Doors_Garage Doors, Openers & Parts_Garage Doors"
",Doors_Garage Doors, Openers & Parts_Garage Doors"
",Doors_Garage Doors, Openers & Parts_Garage Doors"
",Doors_Garage Doors, Openers & Parts_Garage Doors"
",Doors_Garage Doors, Openers & Parts_Garage Doors"
",Doors_Garage Doors, Openers & Parts_Garage Doors"
",Doors_Garage Doors, Openers & Parts_Garage Doors"
",Doors_Garage Doors, Openers & Parts_Garage Doors"
",Doors_Garage Doors, Openers & Parts_Garage Doors"
",Doors_Garage Doors, Openers & Parts_Garage Doors"
",Doors_Garage Doors, Openers & Parts_Garage Doors"
",Doors_Garage Doors, Openers & Parts_Garage Doors"
",Windows_Skylights & Roof Windows"
",Windows_Skylights & Roof Windows"
",Windows_Skylights & Roof Windows"
",Windows_Skylights & Roof Windows"
",Windows_Skylights & Roof Windows"
",Windows_Skylights & Roof Windows"
",Windows_Skylights & Roof Windows"
",Windows_Skylights & Roof Windows"
",Windows_Skylights & Roof Windows"
",Windows_Skylights & Roof Windows"
",Windows_Skylights & Roof Windows"
",Windows_Skylights & Roof Windows"
",Windows_Skylights & Roof Windows"
",Windows_Skylights & Roof Windows"
",Windows_Skylights & Roof Windows"
",Windows_Skylights & Roof Windows"
",Windows_Skylights & Roof Windows"
",Windows_Skylights & Roof Windows"
",Windows_Skylights & Roof Windows"
",Windows_Skylights & Roof Windows"
",Windows_Skylights & Roof Windows"
",Windows_Skylights & Roof Windows"
",Furnace Parts & Accessories_Circuit Boards"
",Furnace Parts & Accessories_Circuit Boards"
",Furnace Parts & Accessories_Circuit Boards"
",Furnace Parts & Accessories_Circuit Boards"
",Furnace Parts & Accessories_Circuit Boards"
",Furnace Parts & Accessories_Circuit Boards"
",Furnace Parts & Accessories_Circuit Boards"
",Furnace Parts & Accessories_Circuit Boards"
",Furnace Parts & Accessories_Circuit Boards"
",Furnace Parts & Accessories_Circuit Boards"
",Furnace Parts & Accessories_Circuit Boards"
",Furnace Parts & Accessories_Circuit Boards"
",Furnace Parts & Accessories_Circuit Boards"
",Furnace Parts & Accessories_Circuit Boards"
",Furnace Parts & Accessories_Circuit Boards"
",Furnace Parts & Accessories_Circuit Boards"
",Furnace Parts & Accessories_Circuit Boards"
",Furnace Parts & Accessories_Circuit Boards"
",Furnace Parts & Accessories_Circuit Boards"
",Furnace Parts & Accessories_Circuit Boards"
",Furnace Parts & Accessories_Circuit Boards"
",Furnace Parts & Accessories_Circuit Boards"
",Furnace Parts & Accessories_Circuit Boards"
",Furnace Parts & Accessories_Circuit Boards"
",Furnace Parts & Accessories_Circuit Boards"
",Furnace Parts & Accessories_Circuit Boards"
",Furnace Parts & Accessories_Circuit Boards"
",Furnace Parts & Accessories_Circuit Boards"
",Furnace Parts & Accessories_Circuit Boards"
",Flooring_Accessories_Adhesive Primer"
",Flooring_Accessories_Adhesive Primer"
",Flooring_Accessories_Adhesive Primer"
",Ventilation Fans"
",Ventilation Fans"
",Ventilation Fans"
",Ventilation Fans"
",Ventilation Fans"
",Ventilation Fans"
",Ventilation Fans"
",Ventilation Fans"
",Ventilation Fans"
",Ventilation Fans"
",Ventilation Fans"
",Ventilation Fans"
",Ventilation Fans"
",Ventilation Fans"
",Ventilation Fans"
